benchmark,benchmark id,solver,solver id,configuration,configuration id,status,cpu time,wallclock time,memory usage,result
mchess/mchess/mchessCYLINDER/sinz/O/12.cnf,11911603,kissat,30359,default.sh,368418,complete,0.005074,0.012016,0,SAT-VERIFIED
mchess/mchess/mchessCYLINDER/sinz/O/12.cnf,11911603,lingeling,30358,default.sh,368416,complete,0.011765,0.0118851,8148,SAT-VERIFIED
mchess/mchess/mchessCYLINDER/sinz/O/12.cnf,11911603,pgbdd,30373,default.sh,368719,complete,1.38265,1.40835,453660,UNKNOWN
mchess/mchess/mchessCYLINDER/sinz/O/12.cnf,11911603,sadical,30357,default.sh,368414,complete,0.683857,0.684082,7400,SAT-VERIFIED
mchess/mchess/mchessCYLINDER/sinz/O/20.cnf,11911604,kissat,30359,default.sh,368418,complete,0.013586,0.01817,0,SAT-VERIFIED
mchess/mchess/mchessCYLINDER/sinz/O/20.cnf,11911604,lingeling,30358,default.sh,368416,complete,0.047298,0.0537949,8944,SAT-VERIFIED
mchess/mchess/mchessCYLINDER/sinz/O/20.cnf,11911604,pgbdd,30373,default.sh,368719,complete,8.9891,9.01818,603268,UNKNOWN
mchess/mchess/mchessCYLINDER/sinz/O/20.cnf,11911604,sadical,30357,default.sh,368414,complete,23.0627,23.0688,28804,SAT-VERIFIED
mchess/mchess/mchessCYLINDER/sinz/O/14.cnf,11911605,kissat,30359,default.sh,368418,complete,663.707,663.737,43728,UNSAT
mchess/mchess/mchessCYLINDER/sinz/O/14.cnf,11911605,lingeling,30358,default.sh,368416,timeout (wallclock),899.973,900.017,76952,UNKNOWN
mchess/mchess/mchessCYLINDER/sinz/O/14.cnf,11911605,pgbdd,30373,default.sh,368719,complete,183.602,183.648,465056,UNSAT
mchess/mchess/mchessCYLINDER/sinz/O/14.cnf,11911605,sadical,30357,default.sh,368414,timeout (wallclock),899.908,900.091,11696,UNKNOWN
mchess/mchess/mchessCYLINDER/sinz/O/10.cnf,11911606,kissat,30359,default.sh,368418,complete,1.19402,1.19422,9892,UNSAT
mchess/mchess/mchessCYLINDER/sinz/O/10.cnf,11911606,lingeling,30358,default.sh,368416,complete,0.766652,0.766797,9772,UNSAT
mchess/mchess/mchessCYLINDER/sinz/O/10.cnf,11911606,pgbdd,30373,default.sh,368719,complete,11.4003,11.401,273504,UNSAT
mchess/mchess/mchessCYLINDER/sinz/O/10.cnf,11911606,sadical,30357,default.sh,368414,complete,131.58,131.579,6932,UNSAT
mchess/mchess/mchessCYLINDER/sinz/O/8.cnf,11911607,kissat,30359,default.sh,368418,complete,0.003636,0.011047,0,SAT-VERIFIED
mchess/mchess/mchessCYLINDER/sinz/O/8.cnf,11911607,lingeling,30358,default.sh,368416,complete,0.00606,0.01063,0,SAT-VERIFIED
mchess/mchess/mchessCYLINDER/sinz/O/8.cnf,11911607,pgbdd,30373,default.sh,368719,complete,0.458692,0.484041,113188,UNKNOWN
mchess/mchess/mchessCYLINDER/sinz/O/8.cnf,11911607,sadical,30357,default.sh,368414,complete,0.050061,0.050179,4944,SAT-VERIFIED
mchess/mchess/mchessCYLINDER/sinz/O/18.cnf,11911608,kissat,30359,default.sh,368418,timeout (wallclock),899.918,900.012,45188,UNKNOWN
mchess/mchess/mchessCYLINDER/sinz/O/18.cnf,11911608,lingeling,30358,default.sh,368416,timeout (wallclock),899.778,900.022,70096,UNKNOWN
mchess/mchess/mchessCYLINDER/sinz/O/18.cnf,11911608,pgbdd,30373,default.sh,368719,timeout (wallclock),899.84,900.092,2644948,UNKNOWN
mchess/mchess/mchessCYLINDER/sinz/O/18.cnf,11911608,sadical,30357,default.sh,368414,timeout (wallclock),899.97,900.018,18720,UNKNOWN
mchess/mchess/mchessCYLINDER/sinz/O/16.cnf,11911609,kissat,30359,default.sh,368418,complete,0.007472,0.010259,0,SAT-VERIFIED
mchess/mchess/mchessCYLINDER/sinz/O/16.cnf,11911609,lingeling,30358,default.sh,368416,complete,0.024204,0.0243851,8656,SAT-VERIFIED
mchess/mchess/mchessCYLINDER/sinz/O/16.cnf,11911609,pgbdd,30373,default.sh,368719,complete,3.66821,3.69649,503788,UNKNOWN
mchess/mchess/mchessCYLINDER/sinz/O/16.cnf,11911609,sadical,30357,default.sh,368414,complete,4.32125,4.3217,13128,SAT-VERIFIED
mchess/mchess/mchessCYLINDER/sinz/ML/8.cnf,11911589,kissat,30359,default.sh,368418,complete,0.00386,0.0113181,0,SAT-VERIFIED
mchess/mchess/mchessCYLINDER/sinz/ML/8.cnf,11911589,lingeling,30358,default.sh,368416,complete,0.008222,0.0134139,0,SAT-VERIFIED
mchess/mchess/mchessCYLINDER/sinz/ML/8.cnf,11911589,pgbdd,30373,default.sh,368719,complete,0.805982,0.832227,434276,UNKNOWN
mchess/mchess/mchessCYLINDER/sinz/ML/8.cnf,11911589,sadical,30357,default.sh,368414,complete,0.061878,0.0619989,4848,SAT-VERIFIED
mchess/mchess/mchessCYLINDER/sinz/ML/10.cnf,11911590,kissat,30359,default.sh,368418,complete,1.23686,1.23701,10160,UNSAT
mchess/mchess/mchessCYLINDER/sinz/ML/10.cnf,11911590,lingeling,30358,default.sh,368416,complete,0.993292,0.993415,9816,UNSAT
mchess/mchess/mchessCYLINDER/sinz/ML/10.cnf,11911590,pgbdd,30373,default.sh,368719,memout,871.4,871.811,8389124,UNKNOWN
mchess/mchess/mchessCYLINDER/sinz/ML/10.cnf,11911590,sadical,30357,default.sh,368414,complete,2.22914,2.22962,6220,UNSAT
mchess/mchess/mchessCYLINDER/sinz/ML/16.cnf,11911591,kissat,30359,default.sh,368418,complete,0.007681,0.01016,0,SAT-VERIFIED
mchess/mchess/mchessCYLINDER/sinz/ML/16.cnf,11911591,lingeling,30358,default.sh,368416,complete,0.04447,0.0447601,8664,SAT-VERIFIED
mchess/mchess/mchessCYLINDER/sinz/ML/16.cnf,11911591,pgbdd,30373,default.sh,368719,complete,6.77527,6.80345,506600,UNKNOWN
mchess/mchess/mchessCYLINDER/sinz/ML/16.cnf,11911591,sadical,30357,default.sh,368414,complete,5.35568,5.35618,18176,SAT-VERIFIED
mchess/mchess/mchessCYLINDER/sinz/ML/18.cnf,11911592,kissat,30359,default.sh,368418,timeout (wallclock),899.893,900.019,45540,UNKNOWN
mchess/mchess/mchessCYLINDER/sinz/ML/18.cnf,11911592,lingeling,30358,default.sh,368416,timeout (wallclock),899.965,900.028,72268,UNKNOWN
mchess/mchess/mchessCYLINDER/sinz/ML/18.cnf,11911592,pgbdd,30373,default.sh,368719,timeout (wallclock),899.62,900.034,7487500,UNKNOWN
mchess/mchess/mchessCYLINDER/sinz/ML/18.cnf,11911592,sadical,30357,default.sh,368414,timeout (wallclock),899.998,900.049,18808,UNKNOWN
mchess/mchess/mchessCYLINDER/sinz/ML/12.cnf,11911593,kissat,30359,default.sh,368418,complete,0.005158,0.0152821,0,SAT-VERIFIED
mchess/mchess/mchessCYLINDER/sinz/ML/12.cnf,11911593,lingeling,30358,default.sh,368416,complete,0.019059,0.019165,8148,SAT-VERIFIED
mchess/mchess/mchessCYLINDER/sinz/ML/12.cnf,11911593,pgbdd,30373,default.sh,368719,complete,2.46127,2.49072,455804,UNKNOWN
mchess/mchess/mchessCYLINDER/sinz/ML/12.cnf,11911593,sadical,30357,default.sh,368414,complete,0.745965,0.74617,6464,SAT-VERIFIED
mchess/mchess/mchessCYLINDER/sinz/ML/20.cnf,11911594,kissat,30359,default.sh,368418,complete,0.013956,0.0167451,10844,SAT-VERIFIED
mchess/mchess/mchessCYLINDER/sinz/ML/20.cnf,11911594,lingeling,30358,default.sh,368416,complete,0.063447,0.070744,9096,SAT-VERIFIED
mchess/mchess/mchessCYLINDER/sinz/ML/20.cnf,11911594,pgbdd,30373,default.sh,368719,complete,17.1838,17.2116,618676,UNKNOWN
mchess/mchess/mchessCYLINDER/sinz/ML/20.cnf,11911594,sadical,30357,default.sh,368414,complete,26.2538,26.2651,31828,SAT-VERIFIED
mchess/mchess/mchessCYLINDER/sinz/ML/14.cnf,11911595,kissat,30359,default.sh,368418,timeout (wallclock),899.983,900.037,44840,UNKNOWN
mchess/mchess/mchessCYLINDER/sinz/ML/14.cnf,11911595,lingeling,30358,default.sh,368416,timeout (wallclock),899.942,900.03,61580,UNKNOWN
mchess/mchess/mchessCYLINDER/sinz/ML/14.cnf,11911595,pgbdd,30373,default.sh,368719,timeout (wallclock),899.79,900.06,4916772,UNKNOWN
mchess/mchess/mchessCYLINDER/sinz/ML/14.cnf,11911595,sadical,30357,default.sh,368414,complete,91.3247,91.3221,12188,UNSAT
mchess/mchess/mchessCYLINDER/sinz/L/14.cnf,11911575,kissat,30359,default.sh,368418,complete,772.867,772.901,44172,UNSAT
mchess/mchess/mchessCYLINDER/sinz/L/14.cnf,11911575,lingeling,30358,default.sh,368416,timeout (wallclock),899.969,900.018,69796,UNKNOWN
mchess/mchess/mchessCYLINDER/sinz/L/14.cnf,11911575,pgbdd,30373,default.sh,368719,timeout (wallclock),899.82,900.04,7148452,UNKNOWN
mchess/mchess/mchessCYLINDER/sinz/L/14.cnf,11911575,sadical,30357,default.sh,368414,timeout (wallclock),899.91,900.022,11848,UNKNOWN
mchess/mchess/mchessCYLINDER/sinz/L/12.cnf,11911576,kissat,30359,default.sh,368418,complete,0.004861,0.010297,0,SAT-VERIFIED
mchess/mchess/mchessCYLINDER/sinz/L/12.cnf,11911576,lingeling,30358,default.sh,368416,complete,0.011887,0.0123121,0,SAT-VERIFIED
mchess/mchess/mchessCYLINDER/sinz/L/12.cnf,11911576,pgbdd,30373,default.sh,368719,complete,1.40615,1.43402,453984,UNKNOWN
mchess/mchess/mchessCYLINDER/sinz/L/12.cnf,11911576,sadical,30357,default.sh,368414,complete,0.667793,0.668048,7400,SAT-VERIFIED
mchess/mchess/mchessCYLINDER/sinz/L/20.cnf,11911577,kissat,30359,default.sh,368418,complete,0.014155,0.0171359,10804,SAT-VERIFIED
mchess/mchess/mchessCYLINDER/sinz/L/20.cnf,11911577,lingeling,30358,default.sh,368416,complete,0.048091,0.054109,8952,SAT-VERIFIED
mchess/mchess/mchessCYLINDER/sinz/L/20.cnf,11911577,pgbdd,30373,default.sh,368719,complete,9.07575,9.10282,603348,UNKNOWN
mchess/mchess/mchessCYLINDER/sinz/L/20.cnf,11911577,sadical,30357,default.sh,368414,complete,23.4498,23.4575,31676,SAT-VERIFIED
mchess/mchess/mchessCYLINDER/sinz/L/18.cnf,11911578,kissat,30359,default.sh,368418,timeout (wallclock),899.944,900.013,45164,UNKNOWN
mchess/mchess/mchessCYLINDER/sinz/L/18.cnf,11911578,lingeling,30358,default.sh,368416,timeout (wallclock),899.963,900.013,85632,UNKNOWN
mchess/mchess/mchessCYLINDER/sinz/L/18.cnf,11911578,pgbdd,30373,default.sh,368719,timeout (wallclock),899.9,900.061,3675048,UNKNOWN
mchess/mchess/mchessCYLINDER/sinz/L/18.cnf,11911578,sadical,30357,default.sh,368414,timeout (wallclock),899.899,900.016,18708,UNKNOWN
mchess/mchess/mchessCYLINDER/sinz/L/16.cnf,11911579,kissat,30359,default.sh,368418,complete,0.007598,0.010784,0,SAT-VERIFIED
mchess/mchess/mchessCYLINDER/sinz/L/16.cnf,11911579,lingeling,30358,default.sh,368416,complete,0.024194,0.02453,8664,SAT-VERIFIED
mchess/mchess/mchessCYLINDER/sinz/L/16.cnf,11911579,pgbdd,30373,default.sh,368719,complete,3.85989,3.91353,504192,UNKNOWN
mchess/mchess/mchessCYLINDER/sinz/L/16.cnf,11911579,sadical,30357,default.sh,368414,complete,4.4104,4.41095,15176,SAT-VERIFIED
mchess/mchess/mchessCYLINDER/sinz/L/8.cnf,11911580,kissat,30359,default.sh,368418,complete,0.003786,0.0124219,0,SAT-VERIFIED
mchess/mchess/mchessCYLINDER/sinz/L/8.cnf,11911580,lingeling,30358,default.sh,368416,complete,0.006312,0.011273,0,SAT-VERIFIED
mchess/mchess/mchessCYLINDER/sinz/L/8.cnf,11911580,pgbdd,30373,default.sh,368719,complete,0.461716,0.4868,113188,UNKNOWN
mchess/mchess/mchessCYLINDER/sinz/L/8.cnf,11911580,sadical,30357,default.sh,368414,complete,0.050194,0.050323,4848,SAT-VERIFIED
mchess/mchess/mchessCYLINDER/sinz/L/10.cnf,11911581,kissat,30359,default.sh,368418,complete,0.815443,0.815633,9932,UNSAT
mchess/mchess/mchessCYLINDER/sinz/L/10.cnf,11911581,lingeling,30358,default.sh,368416,complete,0.758877,0.759131,10272,UNSAT
mchess/mchess/mchessCYLINDER/sinz/L/10.cnf,11911581,pgbdd,30373,default.sh,368719,timeout (wallclock),899.6,900.094,8382444,UNKNOWN
mchess/mchess/mchessCYLINDER/sinz/L/10.cnf,11911581,sadical,30357,default.sh,368414,complete,12.5526,12.5546,6400,UNSAT
mchess/mchess/mchessCYLINDER/direct/ML/12.cnf,11911645,kissat,30359,default.sh,368418,complete,0.004938,0.024027,0,SAT-VERIFIED
mchess/mchess/mchessCYLINDER/direct/ML/12.cnf,11911645,lingeling,30358,default.sh,368416,complete,0.007232,0.0104849,0,SAT-VERIFIED
mchess/mchess/mchessCYLINDER/direct/ML/12.cnf,11911645,pgbdd,30373,default.sh,368719,complete,1.17595,1.20366,453780,UNKNOWN
mchess/mchess/mchessCYLINDER/direct/ML/12.cnf,11911645,sadical,30357,default.sh,368414,complete,0.657546,0.657719,7408,SAT-VERIFIED
mchess/mchess/mchessCYLINDER/direct/ML/20.cnf,11911646,kissat,30359,default.sh,368418,complete,0.013779,0.017201,10768,SAT-VERIFIED
mchess/mchess/mchessCYLINDER/direct/ML/20.cnf,11911646,lingeling,30358,default.sh,368416,complete,0.02088,0.0275339,8888,SAT-VERIFIED
mchess/mchess/mchessCYLINDER/direct/ML/20.cnf,11911646,pgbdd,30373,default.sh,368719,complete,8.21736,8.24541,600780,UNKNOWN
mchess/mchess/mchessCYLINDER/direct/ML/20.cnf,11911646,sadical,30357,default.sh,368414,complete,24.9425,24.9518,31784,SAT-VERIFIED
mchess/mchess/mchessCYLINDER/direct/ML/8.cnf,11911647,kissat,30359,default.sh,368418,complete,0.003686,0.012146,0,SAT-VERIFIED
mchess/mchess/mchessCYLINDER/direct/ML/8.cnf,11911647,lingeling,30358,default.sh,368416,complete,0.004864,0.012739,0,SAT-VERIFIED
mchess/mchess/mchessCYLINDER/direct/ML/8.cnf,11911647,pgbdd,30373,default.sh,368719,complete,0.467426,0.50796,113188,UNKNOWN
mchess/mchess/mchessCYLINDER/direct/ML/8.cnf,11911647,sadical,30357,default.sh,368414,complete,0.054126,0.0542601,4572,SAT-VERIFIED
mchess/mchess/mchessCYLINDER/direct/ML/14.cnf,11911648,kissat,30359,default.sh,368418,timeout (wallclock),899.969,900.022,44980,UNKNOWN
mchess/mchess/mchessCYLINDER/direct/ML/14.cnf,11911648,lingeling,30358,default.sh,368416,complete,0.005725,0.012796,0,UNSAT
mchess/mchess/mchessCYLINDER/direct/ML/14.cnf,11911648,pgbdd,30373,default.sh,368719,complete,345.731,345.739,623508,UNSAT
mchess/mchess/mchessCYLINDER/direct/ML/14.cnf,11911648,sadical,30357,default.sh,368414,complete,34.2482,34.2538,11744,UNSAT
mchess/mchess/mchessCYLINDER/direct/ML/10.cnf,11911649,kissat,30359,default.sh,368418,complete,0.889408,0.889498,9912,UNSAT
mchess/mchess/mchessCYLINDER/direct/ML/10.cnf,11911649,lingeling,30358,default.sh,368416,complete,0.004097,0.010197,0,UNSAT
mchess/mchess/mchessCYLINDER/direct/ML/10.cnf,11911649,pgbdd,30373,default.sh,368719,complete,21.4427,21.4431,286840,UNSAT
mchess/mchess/mchessCYLINDER/direct/ML/10.cnf,11911649,sadical,30357,default.sh,368414,complete,1.58989,1.59008,6292,UNSAT
mchess/mchess/mchessCYLINDER/direct/ML/18.cnf,11911650,kissat,30359,default.sh,368418,timeout (wallclock),899.941,900.021,53076,UNKNOWN
mchess/mchess/mchessCYLINDER/direct/ML/18.cnf,11911650,lingeling,30358,default.sh,368416,complete,0.00894,0.011551,0,UNSAT
mchess/mchess/mchessCYLINDER/direct/ML/18.cnf,11911650,pgbdd,30373,default.sh,368719,timeout (wallclock),899.75,900.045,3809696,UNKNOWN
mchess/mchess/mchessCYLINDER/direct/ML/18.cnf,11911650,sadical,30357,default.sh,368414,complete,596.798,596.931,19532,UNSAT
mchess/mchess/mchessCYLINDER/direct/ML/16.cnf,11911651,kissat,30359,default.sh,368418,complete,0.007614,0.0103921,0,SAT-VERIFIED
mchess/mchess/mchessCYLINDER/direct/ML/16.cnf,11911651,lingeling,30358,default.sh,368416,complete,0.011917,0.012171,8236,SAT-VERIFIED
mchess/mchess/mchessCYLINDER/direct/ML/16.cnf,11911651,pgbdd,30373,default.sh,368719,complete,3.3045,3.33073,502288,UNKNOWN
mchess/mchess/mchessCYLINDER/direct/ML/16.cnf,11911651,sadical,30357,default.sh,368414,complete,4.68208,4.68317,10452,SAT-VERIFIED
mchess/mchess/mchessCYLINDER/direct/O/16.cnf,11911631,kissat,30359,default.sh,368418,complete,0.007393,0.011538,0,SAT-VERIFIED
mchess/mchess/mchessCYLINDER/direct/O/16.cnf,11911631,lingeling,30358,default.sh,368416,complete,0.010286,0.0124601,0,SAT-VERIFIED
mchess/mchess/mchessCYLINDER/direct/O/16.cnf,11911631,pgbdd,30373,default.sh,368719,complete,2.9413,2.9676,501692,UNKNOWN
mchess/mchess/mchessCYLINDER/direct/O/16.cnf,11911631,sadical,30357,default.sh,368414,complete,4.02195,4.02198,10568,SAT-VERIFIED
mchess/mchess/mchessCYLINDER/direct/O/18.cnf,11911632,kissat,30359,default.sh,368418,timeout (wallclock),899.94,900.012,44892,UNKNOWN
mchess/mchess/mchessCYLINDER/direct/O/18.cnf,11911632,lingeling,30358,default.sh,368416,complete,0.006053,0.015647,0,UNSAT
mchess/mchess/mchessCYLINDER/direct/O/18.cnf,11911632,pgbdd,30373,default.sh,368719,timeout (wallclock),899.76,900.015,2376664,UNKNOWN
mchess/mchess/mchessCYLINDER/direct/O/18.cnf,11911632,sadical,30357,default.sh,368414,timeout (wallclock),899.996,900.017,18740,UNKNOWN
mchess/mchess/mchessCYLINDER/direct/O/10.cnf,11911633,kissat,30359,default.sh,368418,complete,0.835486,0.835589,9852,UNSAT
mchess/mchess/mchessCYLINDER/direct/O/10.cnf,11911633,lingeling,30358,default.sh,368416,complete,0.003748,0.0101119,0,UNSAT
mchess/mchess/mchessCYLINDER/direct/O/10.cnf,11911633,pgbdd,30373,default.sh,368719,complete,23.1471,11.5892,272540,UNSAT
mchess/mchess/mchessCYLINDER/direct/O/10.cnf,11911633,sadical,30357,default.sh,368414,complete,61.6282,61.6353,6520,UNSAT
mchess/mchess/mchessCYLINDER/direct/O/14.cnf,11911634,kissat,30359,default.sh,368418,timeout (wallclock),899.937,900.109,44932,UNKNOWN
mchess/mchess/mchessCYLINDER/direct/O/14.cnf,11911634,lingeling,30358,default.sh,368416,complete,0.00485,0.012317,0,UNSAT
mchess/mchess/mchessCYLINDER/direct/O/14.cnf,11911634,pgbdd,30373,default.sh,368719,complete,179.843,179.915,448036,UNSAT
mchess/mchess/mchessCYLINDER/direct/O/14.cnf,11911634,sadical,30357,default.sh,368414,timeout (wallclock),900.007,900.044,11748,UNKNOWN
mchess/mchess/mchessCYLINDER/direct/O/8.cnf,11911635,kissat,30359,default.sh,368418,complete,0.003642,0.010228,0,SAT-VERIFIED
mchess/mchess/mchessCYLINDER/direct/O/8.cnf,11911635,lingeling,30358,default.sh,368416,complete,0.004225,0.0106359,0,SAT-VERIFIED
mchess/mchess/mchessCYLINDER/direct/O/8.cnf,11911635,pgbdd,30373,default.sh,368719,complete,0.337066,0.36499,113188,UNKNOWN
mchess/mchess/mchessCYLINDER/direct/O/8.cnf,11911635,sadical,30357,default.sh,368414,complete,0.049189,0.0493371,4572,SAT-VERIFIED
mchess/mchess/mchessCYLINDER/direct/O/12.cnf,11911636,kissat,30359,default.sh,368418,complete,0.004606,0.013125,0,SAT-VERIFIED
mchess/mchess/mchessCYLINDER/direct/O/12.cnf,11911636,lingeling,30358,default.sh,368416,complete,0.006675,0.0136561,0,SAT-VERIFIED
mchess/mchess/mchessCYLINDER/direct/O/12.cnf,11911636,pgbdd,30373,default.sh,368719,complete,1.0296,1.05504,443996,UNKNOWN
mchess/mchess/mchessCYLINDER/direct/O/12.cnf,11911636,sadical,30357,default.sh,368414,complete,0.608035,0.608182,7684,SAT-VERIFIED
mchess/mchess/mchessCYLINDER/direct/O/20.cnf,11911637,kissat,30359,default.sh,368418,complete,0.01345,0.0170771,10768,SAT-VERIFIED
mchess/mchess/mchessCYLINDER/direct/O/20.cnf,11911637,lingeling,30358,default.sh,368416,complete,0.018823,0.0250671,8880,SAT-VERIFIED
mchess/mchess/mchessCYLINDER/direct/O/20.cnf,11911637,pgbdd,30373,default.sh,368719,complete,7.12525,7.15046,605812,UNKNOWN
mchess/mchess/mchessCYLINDER/direct/O/20.cnf,11911637,sadical,30357,default.sh,368414,complete,21.7179,21.7272,30052,SAT-VERIFIED
mchess/mchess/mchessCYLINDER/sinz/M/10.cnf,11911617,kissat,30359,default.sh,368418,complete,0.850133,0.850311,9880,UNSAT
mchess/mchess/mchessCYLINDER/sinz/M/10.cnf,11911617,lingeling,30358,default.sh,368416,complete,1.03996,1.04005,10424,UNSAT
mchess/mchess/mchessCYLINDER/sinz/M/10.cnf,11911617,pgbdd,30373,default.sh,368719,timeout (wallclock),899.81,900.056,7055416,UNKNOWN
mchess/mchess/mchessCYLINDER/sinz/M/10.cnf,11911617,sadical,30357,default.sh,368414,complete,65.2457,65.2461,6708,UNSAT
mchess/mchess/mchessCYLINDER/sinz/M/16.cnf,11911618,kissat,30359,default.sh,368418,complete,0.007627,0.0103679,0,SAT-VERIFIED
mchess/mchess/mchessCYLINDER/sinz/M/16.cnf,11911618,lingeling,30358,default.sh,368416,complete,0.043728,0.0440181,8656,SAT-VERIFIED
mchess/mchess/mchessCYLINDER/sinz/M/16.cnf,11911618,pgbdd,30373,default.sh,368719,complete,6.67162,6.69932,505780,UNKNOWN
mchess/mchess/mchessCYLINDER/sinz/M/16.cnf,11911618,sadical,30357,default.sh,368414,complete,5.31392,5.31428,17372,SAT-VERIFIED
mchess/mchess/mchessCYLINDER/sinz/M/18.cnf,11911619,kissat,30359,default.sh,368418,timeout (cpu),900.126,900.135,45532,UNKNOWN
mchess/mchess/mchessCYLINDER/sinz/M/18.cnf,11911619,lingeling,30358,default.sh,368416,timeout (wallclock),899.913,900.014,75940,UNKNOWN
mchess/mchess/mchessCYLINDER/sinz/M/18.cnf,11911619,pgbdd,30373,default.sh,368719,memout,668.4,668.787,8480764,UNKNOWN
mchess/mchess/mchessCYLINDER/sinz/M/18.cnf,11911619,sadical,30357,default.sh,368414,timeout (cpu),900.035,900.047,18308,UNKNOWN
mchess/mchess/mchessCYLINDER/sinz/M/12.cnf,11911620,kissat,30359,default.sh,368418,complete,0.004905,0.0102539,0,SAT-VERIFIED
mchess/mchess/mchessCYLINDER/sinz/M/12.cnf,11911620,lingeling,30358,default.sh,368416,complete,0.018837,0.0189599,8148,SAT-VERIFIED
mchess/mchess/mchessCYLINDER/sinz/M/12.cnf,11911620,pgbdd,30373,default.sh,368719,complete,2.4418,2.47374,455660,UNKNOWN
mchess/mchess/mchessCYLINDER/sinz/M/12.cnf,11911620,sadical,30357,default.sh,368414,complete,0.737271,0.737349,7452,SAT-VERIFIED
mchess/mchess/mchessCYLINDER/sinz/M/20.cnf,11911621,kissat,30359,default.sh,368418,complete,0.014312,0.017358,10844,SAT-VERIFIED
mchess/mchess/mchessCYLINDER/sinz/M/20.cnf,11911621,lingeling,30358,default.sh,368416,complete,0.062606,0.0694471,9076,SAT-VERIFIED
mchess/mchess/mchessCYLINDER/sinz/M/20.cnf,11911621,pgbdd,30373,default.sh,368719,complete,16.8807,16.91,618612,UNKNOWN
mchess/mchess/mchessCYLINDER/sinz/M/20.cnf,11911621,sadical,30357,default.sh,368414,complete,26.8305,26.838,30764,SAT-VERIFIED
mchess/mchess/mchessCYLINDER/sinz/M/14.cnf,11911622,kissat,30359,default.sh,368418,timeout (wallclock),900.018,900.08,44184,UNKNOWN
mchess/mchess/mchessCYLINDER/sinz/M/14.cnf,11911622,lingeling,30358,default.sh,368416,timeout (wallclock),899.987,900.044,68432,UNKNOWN
mchess/mchess/mchessCYLINDER/sinz/M/14.cnf,11911622,pgbdd,30373,default.sh,368719,memout,667.41,667.73,8503772,UNKNOWN
mchess/mchess/mchessCYLINDER/sinz/M/14.cnf,11911622,sadical,30357,default.sh,368414,timeout (cpu),900.088,900.086,11760,UNKNOWN
mchess/mchess/mchessCYLINDER/sinz/M/8.cnf,11911623,kissat,30359,default.sh,368418,complete,0.003959,0.011007,0,SAT-VERIFIED
mchess/mchess/mchessCYLINDER/sinz/M/8.cnf,11911623,lingeling,30358,default.sh,368416,complete,0.007936,0.010696,0,SAT-VERIFIED
mchess/mchess/mchessCYLINDER/sinz/M/8.cnf,11911623,pgbdd,30373,default.sh,368719,complete,0.803159,0.832494,425244,UNKNOWN
mchess/mchess/mchessCYLINDER/sinz/M/8.cnf,11911623,sadical,30357,default.sh,368414,complete,0.063465,0.0635841,4848,SAT-VERIFIED
mchess/mchess/mchessTORUS/sinz/M/10.cnf,11911687,kissat,30359,default.sh,368418,complete,444.044,444.11,26580,UNSAT
mchess/mchess/mchessTORUS/sinz/M/10.cnf,11911687,lingeling,30358,default.sh,368416,complete,303.056,303.093,35112,UNSAT
mchess/mchess/mchessTORUS/sinz/M/10.cnf,11911687,pgbdd,30373,default.sh,368719,timeout (wallclock),899.64,900.015,6768960,UNKNOWN
mchess/mchess/mchessTORUS/sinz/M/10.cnf,11911687,sadical,30357,default.sh,368414,timeout (wallclock),899.952,900.021,6608,UNKNOWN
mchess/mchess/mchessTORUS/sinz/M/16.cnf,11911688,kissat,30359,default.sh,368418,timeout (wallclock),899.803,900.018,52876,UNKNOWN
mchess/mchess/mchessTORUS/sinz/M/16.cnf,11911688,lingeling,30358,default.sh,368416,timeout (wallclock),900,900.105,71356,UNKNOWN
mchess/mchess/mchessTORUS/sinz/M/16.cnf,11911688,pgbdd,30373,default.sh,368719,memout,681.54,681.982,8389556,UNKNOWN
mchess/mchess/mchessTORUS/sinz/M/16.cnf,11911688,sadical,30357,default.sh,368414,timeout (wallclock),899.885,900.016,14868,UNKNOWN
mchess/mchess/mchessTORUS/sinz/M/18.cnf,11911689,kissat,30359,default.sh,368418,timeout (wallclock),899.996,900.016,52952,UNKNOWN
mchess/mchess/mchessTORUS/sinz/M/18.cnf,11911689,lingeling,30358,default.sh,368416,timeout (wallclock),899.884,900.049,75768,UNKNOWN
mchess/mchess/mchessTORUS/sinz/M/18.cnf,11911689,pgbdd,30373,default.sh,368719,memout,687.98,688.491,8389248,UNKNOWN
mchess/mchess/mchessTORUS/sinz/M/18.cnf,11911689,sadical,30357,default.sh,368414,timeout (cpu),900.087,900.107,19784,UNKNOWN
mchess/mchess/mchessTORUS/sinz/M/12.cnf,11911690,kissat,30359,default.sh,368418,timeout (wallclock),899.94,900.02,44996,UNKNOWN
mchess/mchess/mchessTORUS/sinz/M/12.cnf,11911690,lingeling,30358,default.sh,368416,timeout (wallclock),899.991,900.053,50872,UNKNOWN
mchess/mchess/mchessTORUS/sinz/M/12.cnf,11911690,pgbdd,30373,default.sh,368719,timeout (wallclock),899.76,900.049,6778704,UNKNOWN
mchess/mchess/mchessTORUS/sinz/M/12.cnf,11911690,sadical,30357,default.sh,368414,timeout (wallclock),899.982,900.047,8360,UNKNOWN
mchess/mchess/mchessTORUS/sinz/M/20.cnf,11911691,kissat,30359,default.sh,368418,timeout (cpu),900.107,900.106,61608,UNKNOWN
mchess/mchess/mchessTORUS/sinz/M/20.cnf,11911691,lingeling,30358,default.sh,368416,timeout (wallclock),899.982,900.105,79520,UNKNOWN
mchess/mchess/mchessTORUS/sinz/M/20.cnf,11911691,pgbdd,30373,default.sh,368719,memout,686.07,686.526,8389260,UNKNOWN
mchess/mchess/mchessTORUS/sinz/M/20.cnf,11911691,sadical,30357,default.sh,368414,timeout (wallclock),899.936,900.033,33048,UNKNOWN
mchess/mchess/mchessTORUS/sinz/M/8.cnf,11911692,kissat,30359,default.sh,368418,complete,1.00557,1.00569,9788,UNSAT
mchess/mchess/mchessTORUS/sinz/M/8.cnf,11911692,lingeling,30358,default.sh,368416,complete,1.31374,1.31387,10092,UNSAT
mchess/mchess/mchessTORUS/sinz/M/8.cnf,11911692,pgbdd,30373,default.sh,368719,memout,679.4,679.818,8388828,UNKNOWN
mchess/mchess/mchessTORUS/sinz/M/8.cnf,11911692,sadical,30357,default.sh,368414,complete,63.2896,63.2899,5680,UNSAT
mchess/mchess/mchessTORUS/sinz/M/14.cnf,11911693,kissat,30359,default.sh,368418,timeout (wallclock),899.93,900.015,44916,UNKNOWN
mchess/mchess/mchessTORUS/sinz/M/14.cnf,11911693,lingeling,30358,default.sh,368416,timeout (wallclock),899.937,900.024,51760,UNKNOWN
mchess/mchess/mchessTORUS/sinz/M/14.cnf,11911693,pgbdd,30373,default.sh,368719,memout,674.56,674.855,8388768,UNKNOWN
mchess/mchess/mchessTORUS/sinz/M/14.cnf,11911693,sadical,30357,default.sh,368414,timeout (wallclock),899.882,900.009,11924,UNKNOWN
mchess/mchess/mchessCYLINDER/direct/M/10.cnf,11911673,kissat,30359,default.sh,368418,complete,1.29402,1.29419,9840,UNSAT
mchess/mchess/mchessCYLINDER/direct/M/10.cnf,11911673,lingeling,30358,default.sh,368416,complete,0.004212,0.011558,0,UNSAT
mchess/mchess/mchessCYLINDER/direct/M/10.cnf,11911673,pgbdd,30373,default.sh,368719,complete,19.4107,19.4126,286664,UNSAT
mchess/mchess/mchessCYLINDER/direct/M/10.cnf,11911673,sadical,30357,default.sh,368414,complete,15.1891,15.1931,6436,UNSAT
mchess/mchess/mchessCYLINDER/direct/M/8.cnf,11911674,kissat,30359,default.sh,368418,complete,0.004021,0.0106021,0,SAT-VERIFIED
mchess/mchess/mchessCYLINDER/direct/M/8.cnf,11911674,lingeling,30358,default.sh,368416,complete,0.004527,0.0102361,0,SAT-VERIFIED
mchess/mchess/mchessCYLINDER/direct/M/8.cnf,11911674,pgbdd,30373,default.sh,368719,complete,0.386712,0.413563,113188,UNKNOWN
mchess/mchess/mchessCYLINDER/direct/M/8.cnf,11911674,sadical,30357,default.sh,368414,complete,0.053037,0.0531601,4572,SAT-VERIFIED
mchess/mchess/mchessCYLINDER/direct/M/18.cnf,11911675,kissat,30359,default.sh,368418,timeout (wallclock),899.953,900.024,45064,UNKNOWN
mchess/mchess/mchessCYLINDER/direct/M/18.cnf,11911675,lingeling,30358,default.sh,368416,complete,0.00701,0.011148,0,UNSAT
mchess/mchess/mchessCYLINDER/direct/M/18.cnf,11911675,pgbdd,30373,default.sh,368719,timeout (wallclock),899.81,900.019,2940384,UNKNOWN
mchess/mchess/mchessCYLINDER/direct/M/18.cnf,11911675,sadical,30357,default.sh,368414,timeout (wallclock),899.934,900.014,18476,UNKNOWN
mchess/mchess/mchessCYLINDER/direct/M/16.cnf,11911676,kissat,30359,default.sh,368418,complete,0.007405,0.014493,0,SAT-VERIFIED
mchess/mchess/mchessCYLINDER/direct/M/16.cnf,11911676,lingeling,30358,default.sh,368416,complete,0.011532,0.0119979,8244,SAT-VERIFIED
mchess/mchess/mchessCYLINDER/direct/M/16.cnf,11911676,pgbdd,30373,default.sh,368719,complete,3.26275,3.28812,502216,UNKNOWN
mchess/mchess/mchessCYLINDER/direct/M/16.cnf,11911676,sadical,30357,default.sh,368414,complete,4.62757,4.63472,10528,SAT-VERIFIED
mchess/mchess/mchessCYLINDER/direct/M/20.cnf,11911677,kissat,30359,default.sh,368418,complete,0.013692,0.0165399,10768,SAT-VERIFIED
mchess/mchess/mchessCYLINDER/direct/M/20.cnf,11911677,lingeling,30358,default.sh,368416,complete,0.019651,0.0257721,8884,SAT-VERIFIED
mchess/mchess/mchessCYLINDER/direct/M/20.cnf,11911677,pgbdd,30373,default.sh,368719,complete,8.15783,8.18358,600728,UNKNOWN
mchess/mchess/mchessCYLINDER/direct/M/20.cnf,11911677,sadical,30357,default.sh,368414,complete,24.7176,24.7224,31760,SAT-VERIFIED
mchess/mchess/mchessCYLINDER/direct/M/12.cnf,11911678,kissat,30359,default.sh,368418,complete,0.00482,0.0124921,0,SAT-VERIFIED
mchess/mchess/mchessCYLINDER/direct/M/12.cnf,11911678,lingeling,30358,default.sh,368416,complete,0.006906,0.010964,0,SAT-VERIFIED
mchess/mchess/mchessCYLINDER/direct/M/12.cnf,11911678,pgbdd,30373,default.sh,368719,complete,1.17428,1.19936,453328,UNKNOWN
mchess/mchess/mchessCYLINDER/direct/M/12.cnf,11911678,sadical,30357,default.sh,368414,complete,0.694281,0.694371,7436,SAT-VERIFIED
mchess/mchess/mchessCYLINDER/direct/M/14.cnf,11911679,kissat,30359,default.sh,368418,timeout (wallclock),899.932,900.05,45168,UNKNOWN
mchess/mchess/mchessCYLINDER/direct/M/14.cnf,11911679,lingeling,30358,default.sh,368416,complete,0.005337,0.013429,0,UNSAT
mchess/mchess/mchessCYLINDER/direct/M/14.cnf,11911679,pgbdd,30373,default.sh,368719,complete,302.914,302.981,559240,UNSAT
mchess/mchess/mchessCYLINDER/direct/M/14.cnf,11911679,sadical,30357,default.sh,368414,timeout (wallclock),899.956,900.022,11976,UNKNOWN
mchess/mchess/mchessCYLINDER/direct/L/10.cnf,11911659,kissat,30359,default.sh,368418,complete,1.26706,1.26733,10492,UNSAT
mchess/mchess/mchessCYLINDER/direct/L/10.cnf,11911659,lingeling,30358,default.sh,368416,complete,0.003991,0.021964,0,UNSAT
mchess/mchess/mchessCYLINDER/direct/L/10.cnf,11911659,pgbdd,30373,default.sh,368719,complete,11.0285,11.0298,271612,UNSAT
mchess/mchess/mchessCYLINDER/direct/L/10.cnf,11911659,sadical,30357,default.sh,368414,complete,10.8141,10.8157,6316,UNSAT
mchess/mchess/mchessCYLINDER/direct/L/8.cnf,11911660,kissat,30359,default.sh,368418,complete,0.003595,0.0155499,0,SAT-VERIFIED
mchess/mchess/mchessCYLINDER/direct/L/8.cnf,11911660,lingeling,30358,default.sh,368416,complete,0.004657,0.0109559,0,SAT-VERIFIED
mchess/mchess/mchessCYLINDER/direct/L/8.cnf,11911660,pgbdd,30373,default.sh,368719,complete,0.34619,0.37205,113188,UNKNOWN
mchess/mchess/mchessCYLINDER/direct/L/8.cnf,11911660,sadical,30357,default.sh,368414,complete,0.049749,0.0498681,4572,SAT-VERIFIED
mchess/mchess/mchessCYLINDER/direct/L/18.cnf,11911661,kissat,30359,default.sh,368418,timeout (cpu),900.093,900.12,61316,UNKNOWN
mchess/mchess/mchessCYLINDER/direct/L/18.cnf,11911661,lingeling,30358,default.sh,368416,complete,0.008868,0.0157861,0,UNSAT
mchess/mchess/mchessCYLINDER/direct/L/18.cnf,11911661,pgbdd,30373,default.sh,368719,timeout (wallclock),899.73,900.023,2335892,UNKNOWN
mchess/mchess/mchessCYLINDER/direct/L/18.cnf,11911661,sadical,30357,default.sh,368414,timeout (cpu),900.022,899.983,18788,UNKNOWN
mchess/mchess/mchessCYLINDER/direct/L/16.cnf,11911662,kissat,30359,default.sh,368418,complete,0.007555,0.015303,0,SAT-VERIFIED
mchess/mchess/mchessCYLINDER/direct/L/16.cnf,11911662,lingeling,30358,default.sh,368416,complete,0.011633,0.0140931,0,SAT-VERIFIED
mchess/mchess/mchessCYLINDER/direct/L/16.cnf,11911662,pgbdd,30373,default.sh,368719,complete,2.9781,3.00448,501736,UNKNOWN
mchess/mchess/mchessCYLINDER/direct/L/16.cnf,11911662,sadical,30357,default.sh,368414,complete,4.1578,4.15793,10952,SAT-VERIFIED
mchess/mchess/mchessCYLINDER/direct/L/20.cnf,11911663,kissat,30359,default.sh,368418,complete,0.013257,0.038611,10768,SAT-VERIFIED
mchess/mchess/mchessCYLINDER/direct/L/20.cnf,11911663,lingeling,30358,default.sh,368416,complete,0.020036,0.026581,8876,SAT-VERIFIED
mchess/mchess/mchessCYLINDER/direct/L/20.cnf,11911663,pgbdd,30373,default.sh,368719,complete,7.3239,7.34941,606052,UNKNOWN
mchess/mchess/mchessCYLINDER/direct/L/20.cnf,11911663,sadical,30357,default.sh,368414,complete,23.0493,23.0559,31640,SAT-VERIFIED
mchess/mchess/mchessCYLINDER/direct/L/12.cnf,11911664,kissat,30359,default.sh,368418,complete,0.004803,0.0124109,0,SAT-VERIFIED
mchess/mchess/mchessCYLINDER/direct/L/12.cnf,11911664,lingeling,30358,default.sh,368416,complete,0.006674,0.010979,0,SAT-VERIFIED
mchess/mchess/mchessCYLINDER/direct/L/12.cnf,11911664,pgbdd,30373,default.sh,368719,complete,1.06487,1.09446,453304,UNKNOWN
mchess/mchess/mchessCYLINDER/direct/L/12.cnf,11911664,sadical,30357,default.sh,368414,complete,0.66707,0.667212,7440,SAT-VERIFIED
mchess/mchess/mchessCYLINDER/direct/L/14.cnf,11911665,kissat,30359,default.sh,368418,timeout (wallclock),900.002,900.013,44792,UNKNOWN
mchess/mchess/mchessCYLINDER/direct/L/14.cnf,11911665,lingeling,30358,default.sh,368416,complete,0.005647,0.0116279,0,UNSAT
mchess/mchess/mchessCYLINDER/direct/L/14.cnf,11911665,pgbdd,30373,default.sh,368719,complete,171.747,171.791,443792,UNSAT
mchess/mchess/mchessCYLINDER/direct/L/14.cnf,11911665,sadical,30357,default.sh,368414,timeout (cpu),900.028,900.073,12720,UNKNOWN
mchess/mchess/mchessTORUS/sinz/L/14.cnf,11911728,kissat,30359,default.sh,368418,timeout (wallclock),899.806,900.011,45296,UNKNOWN
mchess/mchess/mchessTORUS/sinz/L/14.cnf,11911728,lingeling,30358,default.sh,368416,timeout (wallclock),899.914,900.02,57332,UNKNOWN
mchess/mchess/mchessTORUS/sinz/L/14.cnf,11911728,pgbdd,30373,default.sh,368719,memout,761.81,762.249,8389344,UNKNOWN
mchess/mchess/mchessTORUS/sinz/L/14.cnf,11911728,sadical,30357,default.sh,368414,timeout (wallclock),899.895,900.037,11812,UNKNOWN
mchess/mchess/mchessTORUS/sinz/L/20.cnf,11911730,kissat,30359,default.sh,368418,timeout (wallclock),899.821,900.019,61676,UNKNOWN
mchess/mchess/mchessTORUS/sinz/L/20.cnf,11911730,lingeling,30358,default.sh,368416,timeout (wallclock),899.879,900.02,82660,UNKNOWN
mchess/mchess/mchessTORUS/sinz/L/20.cnf,11911730,pgbdd,30373,default.sh,368719,memout,757.28,757.605,8389812,UNKNOWN
mchess/mchess/mchessTORUS/sinz/L/20.cnf,11911730,sadical,30357,default.sh,368414,timeout (cpu),900.035,900.078,32328,UNKNOWN
mchess/mchess/mchessTORUS/sinz/L/12.cnf,11911731,kissat,30359,default.sh,368418,timeout (wallclock),899.945,900.018,44872,UNKNOWN
mchess/mchess/mchessTORUS/sinz/L/12.cnf,11911731,lingeling,30358,default.sh,368416,timeout (wallclock),899.871,900.036,44040,UNKNOWN
mchess/mchess/mchessTORUS/sinz/L/12.cnf,11911731,pgbdd,30373,default.sh,368719,memout,760.79,761.258,8388940,UNKNOWN
mchess/mchess/mchessTORUS/sinz/L/12.cnf,11911731,sadical,30357,default.sh,368414,timeout (wallclock),899.972,900.012,8232,UNKNOWN
mchess/mchess/mchessTORUS/sinz/L/16.cnf,11911732,kissat,30359,default.sh,368418,timeout (wallclock),899.921,900.031,53020,UNKNOWN
mchess/mchess/mchessTORUS/sinz/L/16.cnf,11911732,lingeling,30358,default.sh,368416,timeout (wallclock),899.904,900.014,71532,UNKNOWN
mchess/mchess/mchessTORUS/sinz/L/16.cnf,11911732,pgbdd,30373,default.sh,368719,memout,750.75,751.187,8389396,UNKNOWN
mchess/mchess/mchessTORUS/sinz/L/16.cnf,11911732,sadical,30357,default.sh,368414,timeout (wallclock),899.99,900.035,14768,UNKNOWN
mchess/mchess/mchessTORUS/sinz/L/18.cnf,11911733,kissat,30359,default.sh,368418,timeout (cpu),900.129,900.131,53312,UNKNOWN
mchess/mchess/mchessTORUS/sinz/L/18.cnf,11911733,lingeling,30358,default.sh,368416,timeout (cpu),900.01,900.095,97528,UNKNOWN
mchess/mchess/mchessTORUS/sinz/L/18.cnf,11911733,pgbdd,30373,default.sh,368719,memout,754.16,754.516,8389468,UNKNOWN
mchess/mchess/mchessTORUS/sinz/L/18.cnf,11911733,sadical,30357,default.sh,368414,timeout (wallclock),899.933,900.077,18748,UNKNOWN
mchess/mchess/mchessTORUS/sinz/L/8.cnf,11911734,kissat,30359,default.sh,368418,complete,1.10306,1.10316,9752,UNSAT
mchess/mchess/mchessTORUS/sinz/L/8.cnf,11911734,lingeling,30358,default.sh,368416,complete,1.76163,1.76177,10988,UNSAT
mchess/mchess/mchessTORUS/sinz/L/8.cnf,11911734,pgbdd,30373,default.sh,368719,timeout (wallclock),899.61,900.017,6491584,UNKNOWN
mchess/mchess/mchessTORUS/sinz/L/8.cnf,11911734,sadical,30357,default.sh,368414,complete,57.4094,57.4085,5408,UNSAT
mchess/mchess/mchessTORUS/sinz/L/10.cnf,11911736,kissat,30359,default.sh,368418,complete,388.35,388.382,26536,UNSAT
mchess/mchess/mchessTORUS/sinz/L/10.cnf,11911736,lingeling,30358,default.sh,368416,complete,264.704,264.713,36324,UNSAT
mchess/mchess/mchessTORUS/sinz/L/10.cnf,11911736,pgbdd,30373,default.sh,368719,timeout (wallclock),899.67,900.016,4280024,UNKNOWN
mchess/mchess/mchessTORUS/sinz/L/10.cnf,11911736,sadical,30357,default.sh,368414,timeout (wallclock),899.948,900.047,7268,UNKNOWN
mchess/mchess/mchessTORUS/sinz/O/10.cnf,11911711,kissat,30359,default.sh,368418,complete,215.365,215.362,25708,UNSAT
mchess/mchess/mchessTORUS/sinz/O/10.cnf,11911711,lingeling,30358,default.sh,368416,complete,196.64,196.651,32440,UNSAT
mchess/mchess/mchessTORUS/sinz/O/10.cnf,11911711,pgbdd,30373,default.sh,368719,complete,99.2249,99.2347,472120,UNSAT
mchess/mchess/mchessTORUS/sinz/O/10.cnf,11911711,sadical,30357,default.sh,368414,timeout (cpu),900.054,900.067,6820,UNKNOWN
mchess/mchess/mchessTORUS/sinz/O/16.cnf,11911713,kissat,30359,default.sh,368418,timeout (cpu),900.117,900.135,53204,UNKNOWN
mchess/mchess/mchessTORUS/sinz/O/16.cnf,11911713,lingeling,30358,default.sh,368416,timeout (wallclock),899.919,900.025,71544,UNKNOWN
mchess/mchess/mchessTORUS/sinz/O/16.cnf,11911713,pgbdd,30373,default.sh,368719,memout,756.9,757.229,8389268,UNKNOWN
mchess/mchess/mchessTORUS/sinz/O/16.cnf,11911713,sadical,30357,default.sh,368414,timeout (wallclock),899.909,900.032,14540,UNKNOWN
mchess/mchess/mchessTORUS/sinz/O/18.cnf,11911715,kissat,30359,default.sh,368418,timeout (wallclock),899.935,900.014,61024,UNKNOWN
mchess/mchess/mchessTORUS/sinz/O/18.cnf,11911715,lingeling,30358,default.sh,368416,timeout (wallclock),899.987,900.089,87656,UNKNOWN
mchess/mchess/mchessTORUS/sinz/O/18.cnf,11911715,pgbdd,30373,default.sh,368719,timeout (wallclock),899.88,900.039,6605140,UNKNOWN
mchess/mchess/mchessTORUS/sinz/O/18.cnf,11911715,sadical,30357,default.sh,368414,timeout (wallclock),900.012,900.031,18572,UNKNOWN
mchess/mchess/mchessTORUS/sinz/O/8.cnf,11911717,kissat,30359,default.sh,368418,complete,1.22286,1.22303,9744,UNSAT
mchess/mchess/mchessTORUS/sinz/O/8.cnf,11911717,lingeling,30358,default.sh,368416,complete,0.629576,0.629755,9448,UNSAT
mchess/mchess/mchessTORUS/sinz/O/8.cnf,11911717,pgbdd,30373,default.sh,368719,complete,12.7748,12.775,287924,UNSAT
mchess/mchess/mchessTORUS/sinz/O/8.cnf,11911717,sadical,30357,default.sh,368414,complete,113.678,113.685,5572,UNSAT
mchess/mchess/mchessTORUS/sinz/O/20.cnf,11911719,kissat,30359,default.sh,368418,timeout (wallclock),899.859,900.022,61572,UNKNOWN
mchess/mchess/mchessTORUS/sinz/O/20.cnf,11911719,lingeling,30358,default.sh,368416,timeout (wallclock),899.892,900.031,93900,UNKNOWN
mchess/mchess/mchessTORUS/sinz/O/20.cnf,11911719,pgbdd,30373,default.sh,368719,memout,759.84,760.203,8388656,UNKNOWN
mchess/mchess/mchessTORUS/sinz/O/20.cnf,11911719,sadical,30357,default.sh,368414,timeout (wallclock),899.949,900.068,32588,UNKNOWN
mchess/mchess/mchessTORUS/sinz/O/12.cnf,11911720,kissat,30359,default.sh,368418,timeout (cpu),900.055,900.039,44780,UNKNOWN
mchess/mchess/mchessTORUS/sinz/O/12.cnf,11911720,lingeling,30358,default.sh,368416,timeout (wallclock),899.946,900.011,54916,UNKNOWN
mchess/mchess/mchessTORUS/sinz/O/12.cnf,11911720,pgbdd,30373,default.sh,368719,complete,739.564,739.713,1379804,UNSAT
mchess/mchess/mchessTORUS/sinz/O/12.cnf,11911720,sadical,30357,default.sh,368414,timeout (cpu),900.044,900.068,8380,UNKNOWN
mchess/mchess/mchessTORUS/sinz/O/14.cnf,11911721,kissat,30359,default.sh,368418,timeout (wallclock),899.987,900.043,44996,UNKNOWN
mchess/mchess/mchessTORUS/sinz/O/14.cnf,11911721,lingeling,30358,default.sh,368416,timeout (wallclock),899.943,900.036,51300,UNKNOWN
mchess/mchess/mchessTORUS/sinz/O/14.cnf,11911721,pgbdd,30373,default.sh,368719,timeout (wallclock),899.93,900.034,3915608,UNKNOWN
mchess/mchess/mchessTORUS/sinz/O/14.cnf,11911721,sadical,30357,default.sh,368414,timeout (wallclock),900.013,900.084,11656,UNKNOWN
mchess/mchess/mchessTORUS/sinz/ML/16.cnf,11911701,kissat,30359,default.sh,368418,timeout (wallclock),900.004,900.113,53380,UNKNOWN
mchess/mchess/mchessTORUS/sinz/ML/16.cnf,11911701,lingeling,30358,default.sh,368416,timeout (wallclock),899.963,900.017,72272,UNKNOWN
mchess/mchess/mchessTORUS/sinz/ML/16.cnf,11911701,pgbdd,30373,default.sh,368719,memout,727.59,728.008,8389576,UNKNOWN
mchess/mchess/mchessTORUS/sinz/ML/16.cnf,11911701,sadical,30357,default.sh,368414,timeout (wallclock),899.939,900.022,14884,UNKNOWN
mchess/mchess/mchessTORUS/sinz/ML/18.cnf,11911702,kissat,30359,default.sh,368418,timeout (wallclock),899.999,900.11,53300,UNKNOWN
mchess/mchess/mchessTORUS/sinz/ML/18.cnf,11911702,lingeling,30358,default.sh,368416,timeout (cpu),900.125,900.094,81260,UNKNOWN
mchess/mchess/mchessTORUS/sinz/ML/18.cnf,11911702,pgbdd,30373,default.sh,368719,memout,730.27,730.594,8388788,UNKNOWN
mchess/mchess/mchessTORUS/sinz/ML/18.cnf,11911702,sadical,30357,default.sh,368414,timeout (wallclock),900.008,900.05,19316,UNKNOWN
mchess/mchess/mchessTORUS/sinz/ML/10.cnf,11911703,kissat,30359,default.sh,368418,complete,287.965,287.963,26664,UNSAT
mchess/mchess/mchessTORUS/sinz/ML/10.cnf,11911703,lingeling,30358,default.sh,368416,complete,183.54,183.556,32724,UNSAT
mchess/mchess/mchessTORUS/sinz/ML/10.cnf,11911703,pgbdd,30373,default.sh,368719,memout,766.57,767.215,8408684,UNKNOWN
mchess/mchess/mchessTORUS/sinz/ML/10.cnf,11911703,sadical,30357,default.sh,368414,complete,70.4744,70.4783,6724,UNSAT
mchess/mchess/mchessTORUS/sinz/ML/14.cnf,11911704,kissat,30359,default.sh,368418,timeout (wallclock),899.995,900.063,45072,UNKNOWN
mchess/mchess/mchessTORUS/sinz/ML/14.cnf,11911704,lingeling,30358,default.sh,368416,timeout (wallclock),899.99,900.098,61196,UNKNOWN
mchess/mchess/mchessTORUS/sinz/ML/14.cnf,11911704,pgbdd,30373,default.sh,368719,memout,732.81,733.107,8388816,UNKNOWN
mchess/mchess/mchessTORUS/sinz/ML/14.cnf,11911704,sadical,30357,default.sh,368414,timeout (wallclock),900.001,900.032,12024,UNKNOWN
mchess/mchess/mchessTORUS/sinz/ML/12.cnf,11911705,kissat,30359,default.sh,368418,timeout (cpu),900.107,900.099,44760,UNKNOWN
mchess/mchess/mchessTORUS/sinz/ML/12.cnf,11911705,lingeling,30358,default.sh,368416,timeout (wallclock),899.905,900.019,54796,UNKNOWN
mchess/mchess/mchessTORUS/sinz/ML/12.cnf,11911705,pgbdd,30373,default.sh,368719,memout,734.7,734.909,8388724,UNKNOWN
mchess/mchess/mchessTORUS/sinz/ML/12.cnf,11911705,sadical,30357,default.sh,368414,timeout (cpu),900.047,900.033,8480,UNKNOWN
mchess/mchess/mchessTORUS/sinz/ML/8.cnf,11911706,kissat,30359,default.sh,368418,complete,1.20596,1.20612,9832,UNSAT
mchess/mchess/mchessTORUS/sinz/ML/8.cnf,11911706,lingeling,30358,default.sh,368416,complete,0.730947,0.73114,9524,UNSAT
mchess/mchess/mchessTORUS/sinz/ML/8.cnf,11911706,pgbdd,30373,default.sh,368719,memout,726.74,727.046,8401732,UNKNOWN
mchess/mchess/mchessTORUS/sinz/ML/8.cnf,11911706,sadical,30357,default.sh,368414,complete,7.38725,7.38739,5248,UNSAT
mchess/mchess/mchessTORUS/sinz/ML/20.cnf,11911707,kissat,30359,default.sh,368418,timeout (wallclock),899.946,900.022,61520,UNKNOWN
mchess/mchess/mchessTORUS/sinz/ML/20.cnf,11911707,lingeling,30358,default.sh,368416,timeout (cpu),900.1,900.09,86500,UNKNOWN
mchess/mchess/mchessTORUS/sinz/ML/20.cnf,11911707,pgbdd,30373,default.sh,368719,memout,737.35,737.726,8389392,UNKNOWN
mchess/mchess/mchessTORUS/sinz/ML/20.cnf,11911707,sadical,30357,default.sh,368414,timeout (wallclock),899.936,900.035,33080,UNKNOWN
mchess/mchess/mchessTORUS/direct/O/10.cnf,11911764,kissat,30359,default.sh,368418,complete,409.353,409.387,26620,UNSAT
mchess/mchess/mchessTORUS/direct/O/10.cnf,11911764,lingeling,30358,default.sh,368416,complete,0.003561,0.0181149,0,UNSAT
mchess/mchess/mchessTORUS/direct/O/10.cnf,11911764,pgbdd,30373,default.sh,368719,complete,129.777,129.786,436640,UNSAT
mchess/mchess/mchessTORUS/direct/O/10.cnf,11911764,sadical,30357,default.sh,368414,timeout (wallclock),899.887,900.01,6760,UNKNOWN
mchess/mchess/mchessTORUS/direct/O/8.cnf,11911765,kissat,30359,default.sh,368418,complete,1.70817,1.70834,10304,UNSAT
mchess/mchess/mchessTORUS/direct/O/8.cnf,11911765,lingeling,30358,default.sh,368416,complete,0.003324,0.0123911,0,UNSAT
mchess/mchess/mchessTORUS/direct/O/8.cnf,11911765,pgbdd,30373,default.sh,368719,complete,17.3712,17.3718,293584,UNSAT
mchess/mchess/mchessTORUS/direct/O/8.cnf,11911765,sadical,30357,default.sh,368414,complete,122.53,122.54,5240,UNSAT
mchess/mchess/mchessTORUS/direct/O/16.cnf,11911766,kissat,30359,default.sh,368418,timeout (wallclock),900.019,900.104,53412,UNKNOWN
mchess/mchess/mchessTORUS/direct/O/16.cnf,11911766,lingeling,30358,default.sh,368416,complete,0.005466,0.0117321,0,UNSAT
mchess/mchess/mchessTORUS/direct/O/16.cnf,11911766,pgbdd,30373,default.sh,368719,memout,874.22,874.61,8388844,UNKNOWN
mchess/mchess/mchessTORUS/direct/O/16.cnf,11911766,sadical,30357,default.sh,368414,timeout (cpu),900.037,900.039,11664,UNKNOWN
mchess/mchess/mchessTORUS/direct/O/18.cnf,11911767,kissat,30359,default.sh,368418,timeout (cpu),900.065,900.13,61672,UNKNOWN
mchess/mchess/mchessTORUS/direct/O/18.cnf,11911767,lingeling,30358,default.sh,368416,complete,0.006931,0.013998,0,UNSAT
mchess/mchess/mchessTORUS/direct/O/18.cnf,11911767,pgbdd,30373,default.sh,368719,memout,887.53,887.823,8389864,UNKNOWN
mchess/mchess/mchessTORUS/direct/O/18.cnf,11911767,sadical,30357,default.sh,368414,timeout (wallclock),899.961,900.014,18400,UNKNOWN
mchess/mchess/mchessTORUS/direct/O/20.cnf,11911768,kissat,30359,default.sh,368418,timeout (wallclock),900.006,900.022,61336,UNKNOWN
mchess/mchess/mchessTORUS/direct/O/20.cnf,11911768,lingeling,30358,default.sh,368416,complete,0.007439,0.010303,0,UNSAT
mchess/mchess/mchessTORUS/direct/O/20.cnf,11911768,pgbdd,30373,default.sh,368719,memout,876.86,877,8389352,UNKNOWN
mchess/mchess/mchessTORUS/direct/O/20.cnf,11911768,sadical,30357,default.sh,368414,timeout (cpu),900.033,900.11,31976,UNKNOWN
mchess/mchess/mchessTORUS/direct/O/12.cnf,11911770,kissat,30359,default.sh,368418,timeout (wallclock),899.764,900.018,44948,UNKNOWN
mchess/mchess/mchessTORUS/direct/O/12.cnf,11911770,lingeling,30358,default.sh,368416,complete,0.004191,0.0107431,0,UNSAT
mchess/mchess/mchessTORUS/direct/O/12.cnf,11911770,pgbdd,30373,default.sh,368719,timeout (wallclock),899.76,900.045,1337528,UNKNOWN
mchess/mchess/mchessTORUS/direct/O/12.cnf,11911770,sadical,30357,default.sh,368414,timeout (cpu),900.027,900.058,8568,UNKNOWN
mchess/mchess/mchessTORUS/direct/O/14.cnf,11911772,kissat,30359,default.sh,368418,timeout (wallclock),899.98,900.021,45636,UNKNOWN
mchess/mchess/mchessTORUS/direct/O/14.cnf,11911772,lingeling,30358,default.sh,368416,complete,0.004885,0.012609,0,UNSAT
mchess/mchess/mchessTORUS/direct/O/14.cnf,11911772,pgbdd,30373,default.sh,368719,timeout (wallclock),899.87,900.064,4314632,UNKNOWN
mchess/mchess/mchessTORUS/direct/O/14.cnf,11911772,sadical,30357,default.sh,368414,timeout (cpu),900.07,900.097,11556,UNKNOWN
mchess/mchess/mchessTORUS/direct/L/18.cnf,11911750,kissat,30359,default.sh,368418,timeout (cpu),900.056,900.131,61224,UNKNOWN
mchess/mchess/mchessTORUS/direct/L/18.cnf,11911750,lingeling,30358,default.sh,368416,complete,0.009617,0.0116189,0,UNSAT
mchess/mchess/mchessTORUS/direct/L/18.cnf,11911750,pgbdd,30373,default.sh,368719,memout,886.69,887.041,8388860,UNKNOWN
mchess/mchess/mchessTORUS/direct/L/18.cnf,11911750,sadical,30357,default.sh,368414,timeout (wallclock),899.948,900.026,18412,UNKNOWN
mchess/mchess/mchessTORUS/direct/L/16.cnf,11911751,kissat,30359,default.sh,368418,timeout (wallclock),899.995,900.018,53160,UNKNOWN
mchess/mchess/mchessTORUS/direct/L/16.cnf,11911751,lingeling,30358,default.sh,368416,complete,0.00676,0.011968,0,UNSAT
mchess/mchess/mchessTORUS/direct/L/16.cnf,11911751,pgbdd,30373,default.sh,368719,memout,873.61,873.794,8389164,UNKNOWN
mchess/mchess/mchessTORUS/direct/L/16.cnf,11911751,sadical,30357,default.sh,368414,timeout (cpu),900.048,900.096,12064,UNKNOWN
mchess/mchess/mchessTORUS/direct/L/10.cnf,11911752,kissat,30359,default.sh,368418,complete,359.819,359.833,26612,UNSAT
mchess/mchess/mchessTORUS/direct/L/10.cnf,11911752,lingeling,30358,default.sh,368416,complete,0.008352,0.0367281,0,UNSAT
mchess/mchess/mchessTORUS/direct/L/10.cnf,11911752,pgbdd,30373,default.sh,368719,complete,123.811,123.825,442200,UNSAT
mchess/mchess/mchessTORUS/direct/L/10.cnf,11911752,sadical,30357,default.sh,368414,timeout (wallclock),899.953,900.013,7140,UNKNOWN
mchess/mchess/mchessTORUS/direct/L/8.cnf,11911753,kissat,30359,default.sh,368418,complete,2.25567,2.25575,10500,UNSAT
mchess/mchess/mchessTORUS/direct/L/8.cnf,11911753,lingeling,30358,default.sh,368416,complete,0.003981,0.014274,0,UNSAT
mchess/mchess/mchessTORUS/direct/L/8.cnf,11911753,pgbdd,30373,default.sh,368719,complete,16.611,16.6197,292988,UNSAT
mchess/mchess/mchessTORUS/direct/L/8.cnf,11911753,sadical,30357,default.sh,368414,complete,49.4852,49.4919,5192,UNSAT
mchess/mchess/mchessTORUS/direct/L/14.cnf,11911754,kissat,30359,default.sh,368418,timeout (wallclock),899.918,900.018,44796,UNKNOWN
mchess/mchess/mchessTORUS/direct/L/14.cnf,11911754,lingeling,30358,default.sh,368416,complete,0.005529,0.01784,0,UNSAT
mchess/mchess/mchessTORUS/direct/L/14.cnf,11911754,pgbdd,30373,default.sh,368719,timeout (wallclock),899.83,900.032,4122560,UNKNOWN
mchess/mchess/mchessTORUS/direct/L/14.cnf,11911754,sadical,30357,default.sh,368414,timeout (wallclock),899.997,900.102,11444,UNKNOWN
mchess/mchess/mchessTORUS/direct/L/20.cnf,11911755,kissat,30359,default.sh,368418,timeout (wallclock),899.967,900.018,61684,UNKNOWN
mchess/mchess/mchessTORUS/direct/L/20.cnf,11911755,lingeling,30358,default.sh,368416,complete,0.01205,0.0127749,0,UNSAT
mchess/mchess/mchessTORUS/direct/L/20.cnf,11911755,pgbdd,30373,default.sh,368719,memout,877.43,877.525,8389344,UNKNOWN
mchess/mchess/mchessTORUS/direct/L/20.cnf,11911755,sadical,30357,default.sh,368414,timeout (wallclock),899.939,900.051,32024,UNKNOWN
mchess/mchess/mchessTORUS/direct/L/12.cnf,11911757,kissat,30359,default.sh,368418,timeout (cpu),900.059,900.131,45256,UNKNOWN
mchess/mchess/mchessTORUS/direct/L/12.cnf,11911757,lingeling,30358,default.sh,368416,complete,0.004984,0.017269,0,UNSAT
mchess/mchess/mchessTORUS/direct/L/12.cnf,11911757,pgbdd,30373,default.sh,368719,complete,891.384,891.539,1308420,UNSAT
mchess/mchess/mchessTORUS/direct/L/12.cnf,11911757,sadical,30357,default.sh,368414,timeout (wallclock),899.979,900.03,8312,UNKNOWN
mchess/mchess/mchessTORUS/direct/M/12.cnf,11911792,kissat,30359,default.sh,368418,timeout (wallclock),899.947,900.026,45044,UNKNOWN
mchess/mchess/mchessTORUS/direct/M/12.cnf,11911792,lingeling,30358,default.sh,368416,complete,0.004445,0.0124391,0,UNSAT
mchess/mchess/mchessTORUS/direct/M/12.cnf,11911792,pgbdd,30373,default.sh,368719,timeout (wallclock),900,900.106,1462556,UNKNOWN
mchess/mchess/mchessTORUS/direct/M/12.cnf,11911792,sadical,30357,default.sh,368414,timeout (cpu),900.017,899.966,8268,UNKNOWN
mchess/mchess/mchessTORUS/direct/M/20.cnf,11911793,kissat,30359,default.sh,368418,timeout (wallclock),899.716,900.088,61732,UNKNOWN
mchess/mchess/mchessTORUS/direct/M/20.cnf,11911793,lingeling,30358,default.sh,368416,complete,0.008405,0.011186,0,UNSAT
mchess/mchess/mchessTORUS/direct/M/20.cnf,11911793,pgbdd,30373,default.sh,368719,timeout (wallclock),899.48,900.027,8126776,UNKNOWN
mchess/mchess/mchessTORUS/direct/M/20.cnf,11911793,sadical,30357,default.sh,368414,timeout (wallclock),899.944,900.018,32480,UNKNOWN
mchess/mchess/mchessTORUS/direct/M/14.cnf,11911794,kissat,30359,default.sh,368418,timeout (cpu),900.077,900.044,45052,UNKNOWN
mchess/mchess/mchessTORUS/direct/M/14.cnf,11911794,lingeling,30358,default.sh,368416,complete,0.004871,0.012918,0,UNSAT
mchess/mchess/mchessTORUS/direct/M/14.cnf,11911794,pgbdd,30373,default.sh,368719,timeout (wallclock),899.97,900.014,6932552,UNKNOWN
mchess/mchess/mchessTORUS/direct/M/14.cnf,11911794,sadical,30357,default.sh,368414,timeout (wallclock),899.976,900.059,11588,UNKNOWN
mchess/mchess/mchessTORUS/direct/M/10.cnf,11911795,kissat,30359,default.sh,368418,complete,366.966,366.993,26548,UNSAT
mchess/mchess/mchessTORUS/direct/M/10.cnf,11911795,lingeling,30358,default.sh,368416,complete,0.00391,0.0127111,0,UNSAT
mchess/mchess/mchessTORUS/direct/M/10.cnf,11911795,pgbdd,30373,default.sh,368719,complete,178.661,178.65,595788,UNSAT
mchess/mchess/mchessTORUS/direct/M/10.cnf,11911795,sadical,30357,default.sh,368414,timeout (wallclock),899.942,900.025,7044,UNKNOWN
mchess/mchess/mchessTORUS/direct/M/8.cnf,11911796,kissat,30359,default.sh,368418,complete,1.3212,1.32408,10244,UNSAT
mchess/mchess/mchessTORUS/direct/M/8.cnf,11911796,lingeling,30358,default.sh,368416,complete,0.003953,0.010863,0,UNSAT
mchess/mchess/mchessTORUS/direct/M/8.cnf,11911796,pgbdd,30373,default.sh,368719,complete,25.476,25.4791,327152,UNSAT
mchess/mchess/mchessTORUS/direct/M/8.cnf,11911796,sadical,30357,default.sh,368414,complete,28.3318,28.3445,5088,UNSAT
mchess/mchess/mchessTORUS/direct/M/18.cnf,11911797,kissat,30359,default.sh,368418,timeout (wallclock),899.957,900.025,53180,UNKNOWN
mchess/mchess/mchessTORUS/direct/M/18.cnf,11911797,lingeling,30358,default.sh,368416,complete,0.007074,0.0206691,0,UNSAT
mchess/mchess/mchessTORUS/direct/M/18.cnf,11911797,pgbdd,30373,default.sh,368719,timeout (wallclock),899.62,900.017,8077484,UNKNOWN
mchess/mchess/mchessTORUS/direct/M/18.cnf,11911797,sadical,30357,default.sh,368414,timeout (wallclock),899.963,900.099,18488,UNKNOWN
mchess/mchess/mchessTORUS/direct/M/16.cnf,11911798,kissat,30359,default.sh,368418,timeout (cpu),900.086,900.122,53296,UNKNOWN
mchess/mchess/mchessTORUS/direct/M/16.cnf,11911798,lingeling,30358,default.sh,368416,complete,0.005913,0.0102001,0,UNSAT
mchess/mchess/mchessTORUS/direct/M/16.cnf,11911798,pgbdd,30373,default.sh,368719,timeout (wallclock),899.67,900.032,7974880,UNKNOWN
mchess/mchess/mchessTORUS/direct/M/16.cnf,11911798,sadical,30357,default.sh,368414,timeout (cpu),900.047,900.061,11740,UNKNOWN
mchess/mchess/mchessTORUS/direct/ML/8.cnf,11911778,kissat,30359,default.sh,368418,complete,1.33223,1.3325,9756,UNSAT
mchess/mchess/mchessTORUS/direct/ML/8.cnf,11911778,lingeling,30358,default.sh,368416,complete,0.004109,0.0205319,0,UNSAT
mchess/mchess/mchessTORUS/direct/ML/8.cnf,11911778,pgbdd,30373,default.sh,368719,complete,23.5748,23.5778,322340,UNSAT
mchess/mchess/mchessTORUS/direct/ML/8.cnf,11911778,sadical,30357,default.sh,368414,complete,5.51674,5.51727,4976,UNSAT
mchess/mchess/mchessTORUS/direct/ML/10.cnf,11911779,kissat,30359,default.sh,368418,complete,397.293,397.314,26684,UNSAT
mchess/mchess/mchessTORUS/direct/ML/10.cnf,11911779,lingeling,30358,default.sh,368416,complete,0.004562,0.021959,0,UNSAT
mchess/mchess/mchessTORUS/direct/ML/10.cnf,11911779,pgbdd,30373,default.sh,368719,complete,164.1,164.175,591892,UNSAT
mchess/mchess/mchessTORUS/direct/ML/10.cnf,11911779,sadical,30357,default.sh,368414,complete,140.225,140.238,6648,UNSAT
mchess/mchess/mchessTORUS/direct/ML/18.cnf,11911780,kissat,30359,default.sh,368418,timeout (wallclock),899.96,900.018,61268,UNKNOWN
mchess/mchess/mchessTORUS/direct/ML/18.cnf,11911780,lingeling,30358,default.sh,368416,complete,0.00955,0.011189,0,UNSAT
mchess/mchess/mchessTORUS/direct/ML/18.cnf,11911780,pgbdd,30373,default.sh,368719,timeout (wallclock),899.9,900.022,2540136,UNKNOWN
mchess/mchess/mchessTORUS/direct/ML/18.cnf,11911780,sadical,30357,default.sh,368414,timeout (wallclock),899.89,900.015,18712,UNKNOWN
mchess/mchess/mchessTORUS/direct/ML/16.cnf,11911781,kissat,30359,default.sh,368418,timeout (wallclock),899.963,900.013,61764,UNKNOWN
mchess/mchess/mchessTORUS/direct/ML/16.cnf,11911781,lingeling,30358,default.sh,368416,complete,0.00743,0.020175,0,UNSAT
mchess/mchess/mchessTORUS/direct/ML/16.cnf,11911781,pgbdd,30373,default.sh,368719,timeout (wallclock),899.8,900.024,2502024,UNKNOWN
mchess/mchess/mchessTORUS/direct/ML/16.cnf,11911781,sadical,30357,default.sh,368414,timeout (wallclock),899.876,900.04,11876,UNKNOWN
mchess/mchess/mchessTORUS/direct/ML/20.cnf,11911782,kissat,30359,default.sh,368418,timeout (wallclock),899.908,900.021,61508,UNKNOWN
mchess/mchess/mchessTORUS/direct/ML/20.cnf,11911782,lingeling,30358,default.sh,368416,complete,0.012363,0.012894,0,UNSAT
mchess/mchess/mchessTORUS/direct/ML/20.cnf,11911782,pgbdd,30373,default.sh,368719,timeout (wallclock),899.78,900.066,2583044,UNKNOWN
mchess/mchess/mchessTORUS/direct/ML/20.cnf,11911782,sadical,30357,default.sh,368414,timeout (wallclock),899.987,900.027,32304,UNKNOWN
mchess/mchess/mchessTORUS/direct/ML/12.cnf,11911783,kissat,30359,default.sh,368418,timeout (wallclock),900.006,900.017,44948,UNKNOWN
mchess/mchess/mchessTORUS/direct/ML/12.cnf,11911783,lingeling,30358,default.sh,368416,complete,0.004718,0.023351,0,UNSAT
mchess/mchess/mchessTORUS/direct/ML/12.cnf,11911783,pgbdd,30373,default.sh,368719,timeout (wallclock),899.75,900.016,1654580,UNKNOWN
mchess/mchess/mchessTORUS/direct/ML/12.cnf,11911783,sadical,30357,default.sh,368414,timeout (cpu),900.042,900.071,9140,UNKNOWN
mchess/mchess/mchessTORUS/direct/ML/14.cnf,11911784,kissat,30359,default.sh,368418,timeout (wallclock),899.984,900.012,44852,UNKNOWN
mchess/mchess/mchessTORUS/direct/ML/14.cnf,11911784,lingeling,30358,default.sh,368416,complete,0.006743,0.018863,0,UNSAT
mchess/mchess/mchessTORUS/direct/ML/14.cnf,11911784,pgbdd,30373,default.sh,368719,timeout (wallclock),899.91,900.101,2486684,UNKNOWN
mchess/mchess/mchessTORUS/direct/ML/14.cnf,11911784,sadical,30357,default.sh,368414,timeout (wallclock),899.947,900.051,11928,UNKNOWN
mchess/mchess/mchessNORMAL/direct/M/10.cnf,11911519,kissat,30359,default.sh,368418,complete,0.10353,0.103694,8532,UNSAT
mchess/mchess/mchessNORMAL/direct/M/10.cnf,11911519,lingeling,30358,default.sh,368416,complete,0.003775,0.0190641,0,UNSAT
mchess/mchess/mchessNORMAL/direct/M/10.cnf,11911519,pgbdd,30373,default.sh,368719,complete,19.041,19.0426,283620,UNSAT
mchess/mchess/mchessNORMAL/direct/M/10.cnf,11911519,sadical,30357,default.sh,368414,complete,1.8916,1.89193,6104,UNSAT
mchess/mchess/mchessNORMAL/direct/M/16.cnf,11911520,kissat,30359,default.sh,368418,complete,109.353,109.355,25828,UNSAT
mchess/mchess/mchessNORMAL/direct/M/16.cnf,11911520,lingeling,30358,default.sh,368416,complete,0.0057,0.0262451,0,UNSAT
mchess/mchess/mchessNORMAL/direct/M/16.cnf,11911520,pgbdd,30373,default.sh,368719,timeout (wallclock),899.87,900.115,1293968,UNKNOWN
mchess/mchess/mchessNORMAL/direct/M/16.cnf,11911520,sadical,30357,default.sh,368414,timeout (cpu),900.106,900.049,11856,UNKNOWN
mchess/mchess/mchessNORMAL/direct/M/18.cnf,11911521,kissat,30359,default.sh,368418,complete,498.277,498.338,43428,UNSAT
mchess/mchess/mchessNORMAL/direct/M/18.cnf,11911521,lingeling,30358,default.sh,368416,complete,0.008399,0.0259761,0,UNSAT
mchess/mchess/mchessNORMAL/direct/M/18.cnf,11911521,pgbdd,30373,default.sh,368719,timeout (wallclock),899.69,900.024,3510208,UNKNOWN
mchess/mchess/mchessNORMAL/direct/M/18.cnf,11911521,sadical,30357,default.sh,368414,timeout (cpu),900.043,900.003,18860,UNKNOWN
mchess/mchess/mchessNORMAL/direct/M/20.cnf,11911522,kissat,30359,default.sh,368418,timeout (wallclock),899.952,900.018,45780,UNKNOWN
mchess/mchess/mchessNORMAL/direct/M/20.cnf,11911522,lingeling,30358,default.sh,368416,complete,0.008024,0.02266,0,UNSAT
mchess/mchess/mchessNORMAL/direct/M/20.cnf,11911522,pgbdd,30373,default.sh,368719,timeout (wallclock),899.65,900.021,4007112,UNKNOWN
mchess/mchess/mchessNORMAL/direct/M/20.cnf,11911522,sadical,30357,default.sh,368414,timeout (wallclock),899.997,900.067,32384,UNKNOWN
mchess/mchess/mchessNORMAL/direct/M/12.cnf,11911523,kissat,30359,default.sh,368418,complete,1.48016,1.48037,10528,UNSAT
mchess/mchess/mchessNORMAL/direct/M/12.cnf,11911523,lingeling,30358,default.sh,368416,complete,0.004428,0.013335,0,UNSAT
mchess/mchess/mchessNORMAL/direct/M/12.cnf,11911523,pgbdd,30373,default.sh,368719,complete,80.555,80.5646,362100,UNSAT
mchess/mchess/mchessNORMAL/direct/M/12.cnf,11911523,sadical,30357,default.sh,368414,complete,12.5652,12.566,8104,UNSAT
mchess/mchess/mchessNORMAL/direct/M/14.cnf,11911524,kissat,30359,default.sh,368418,complete,26.0712,26.0715,17224,UNSAT
mchess/mchess/mchessNORMAL/direct/M/14.cnf,11911524,lingeling,30358,default.sh,368416,complete,0.004928,0.00965892,0,UNSAT
mchess/mchess/mchessNORMAL/direct/M/14.cnf,11911524,pgbdd,30373,default.sh,368719,complete,312.202,312.29,583564,UNSAT
mchess/mchess/mchessNORMAL/direct/M/14.cnf,11911524,sadical,30357,default.sh,368414,complete,223.083,223.145,12112,UNSAT
mchess/mchess/mchessNORMAL/direct/M/8.cnf,11911525,kissat,30359,default.sh,368418,complete,0.010529,0.010617,0,UNSAT
mchess/mchess/mchessNORMAL/direct/M/8.cnf,11911525,lingeling,30358,default.sh,368416,complete,0.0037,0.011224,0,UNSAT
mchess/mchess/mchessNORMAL/direct/M/8.cnf,11911525,pgbdd,30373,default.sh,368719,complete,3.92944,3.93024,256276,UNSAT
mchess/mchess/mchessNORMAL/direct/M/8.cnf,11911525,sadical,30357,default.sh,368414,complete,0.120461,0.120586,4644,UNSAT
mchess/mchess/mchessNORMAL/direct/ML/10.cnf,11911526,kissat,30359,default.sh,368418,complete,0.157818,0.157983,8824,UNSAT
mchess/mchess/mchessNORMAL/direct/ML/10.cnf,11911526,lingeling,30358,default.sh,368416,complete,0.004634,0.0115599,0,UNSAT
mchess/mchess/mchessNORMAL/direct/ML/10.cnf,11911526,pgbdd,30373,default.sh,368719,complete,20.9366,20.9359,289776,UNSAT
mchess/mchess/mchessNORMAL/direct/ML/10.cnf,11911526,sadical,30357,default.sh,368414,complete,0.612387,0.612606,6216,UNSAT
mchess/mchess/mchessNORMAL/direct/ML/18.cnf,11911527,kissat,30359,default.sh,368418,complete,893.589,893.643,45048,UNSAT
mchess/mchess/mchessNORMAL/direct/ML/18.cnf,11911527,lingeling,30358,default.sh,368416,complete,0.009417,0.0128001,0,UNSAT
mchess/mchess/mchessNORMAL/direct/ML/18.cnf,11911527,pgbdd,30373,default.sh,368719,timeout (wallclock),899.8,900.11,3756752,UNKNOWN
mchess/mchess/mchessNORMAL/direct/ML/18.cnf,11911527,sadical,30357,default.sh,368414,complete,168.407,168.426,19052,UNSAT
mchess/mchess/mchessNORMAL/direct/ML/16.cnf,11911528,kissat,30359,default.sh,368418,complete,148.549,148.568,26212,UNSAT
mchess/mchess/mchessNORMAL/direct/ML/16.cnf,11911528,lingeling,30358,default.sh,368416,complete,0.013784,0.0213111,0,UNSAT
mchess/mchess/mchessNORMAL/direct/ML/16.cnf,11911528,pgbdd,30373,default.sh,368719,timeout (wallclock),899.88,900.084,1548340,UNKNOWN
mchess/mchess/mchessNORMAL/direct/ML/16.cnf,11911528,sadical,30357,default.sh,368414,complete,58.6286,58.6272,11924,UNSAT
mchess/mchess/mchessNORMAL/direct/ML/20.cnf,11911529,kissat,30359,default.sh,368418,timeout (wallclock),899.905,900.018,61624,UNKNOWN
mchess/mchess/mchessNORMAL/direct/ML/20.cnf,11911529,lingeling,30358,default.sh,368416,complete,0.013027,0.0208269,0,UNSAT
mchess/mchess/mchessNORMAL/direct/ML/20.cnf,11911529,pgbdd,30373,default.sh,368719,timeout (wallclock),899.62,900.027,5331388,UNKNOWN
mchess/mchess/mchessNORMAL/direct/ML/20.cnf,11911529,sadical,30357,default.sh,368414,timeout (cpu),900.102,900.067,32572,UNKNOWN
mchess/mchess/mchessNORMAL/direct/ML/12.cnf,11911530,kissat,30359,default.sh,368418,complete,1.29505,1.29519,9900,UNSAT
mchess/mchess/mchessNORMAL/direct/ML/12.cnf,11911530,lingeling,30358,default.sh,368416,complete,0.004755,0.017176,0,UNSAT
mchess/mchess/mchessNORMAL/direct/ML/12.cnf,11911530,pgbdd,30373,default.sh,368719,complete,90.8063,90.8086,389452,UNSAT
mchess/mchess/mchessNORMAL/direct/ML/12.cnf,11911530,sadical,30357,default.sh,368414,complete,2.94354,2.94353,8016,UNSAT
mchess/mchess/mchessNORMAL/direct/ML/8.cnf,11911531,kissat,30359,default.sh,368418,complete,0.011948,0.012066,8260,UNSAT
mchess/mchess/mchessNORMAL/direct/ML/8.cnf,11911531,lingeling,30358,default.sh,368416,complete,0.003567,0.01079,0,UNSAT
mchess/mchess/mchessNORMAL/direct/ML/8.cnf,11911531,pgbdd,30373,default.sh,368719,complete,4.27053,4.27049,258788,UNSAT
mchess/mchess/mchessNORMAL/direct/ML/8.cnf,11911531,sadical,30357,default.sh,368414,complete,0.094413,0.094547,4572,UNSAT
mchess/mchess/mchessNORMAL/direct/ML/14.cnf,11911532,kissat,30359,default.sh,368418,complete,19.6608,19.6639,17248,UNSAT
mchess/mchess/mchessNORMAL/direct/ML/14.cnf,11911532,lingeling,30358,default.sh,368416,complete,0.005681,0.00951008,0,UNSAT
mchess/mchess/mchessNORMAL/direct/ML/14.cnf,11911532,pgbdd,30373,default.sh,368719,complete,357.764,357.836,687912,UNSAT
mchess/mchess/mchessNORMAL/direct/ML/14.cnf,11911532,sadical,30357,default.sh,368414,complete,12.4394,12.4402,11524,UNSAT
mchess/mchess/mchessNORMAL/sinz/L/14.cnf,11911568,kissat,30359,default.sh,368418,complete,17.3564,17.3568,17332,UNSAT
mchess/mchess/mchessNORMAL/sinz/L/14.cnf,11911568,lingeling,30358,default.sh,368416,complete,30.1545,30.1639,19612,UNSAT
mchess/mchess/mchessNORMAL/sinz/L/14.cnf,11911568,pgbdd,30373,default.sh,368719,timeout (wallclock),899.26,900.015,7264428,UNKNOWN
mchess/mchess/mchessNORMAL/sinz/L/14.cnf,11911568,sadical,30357,default.sh,368414,timeout (wallclock),899.969,900.027,11712,UNKNOWN
mchess/mchess/mchessNORMAL/sinz/L/20.cnf,11911569,kissat,30359,default.sh,368418,timeout (cpu),900.057,900.061,61504,UNKNOWN
mchess/mchess/mchessNORMAL/sinz/L/20.cnf,11911569,lingeling,30358,default.sh,368416,timeout (cpu),900.03,900.107,92896,UNKNOWN
mchess/mchess/mchessNORMAL/sinz/L/20.cnf,11911569,pgbdd,30373,default.sh,368719,timeout (wallclock),899.9,900.015,3717644,UNKNOWN
mchess/mchess/mchessNORMAL/sinz/L/20.cnf,11911569,sadical,30357,default.sh,368414,timeout (wallclock),899.989,900.016,31940,UNKNOWN
mchess/mchess/mchessNORMAL/sinz/L/12.cnf,11911570,kissat,30359,default.sh,368418,complete,1.16636,1.1669,9932,UNSAT
mchess/mchess/mchessNORMAL/sinz/L/12.cnf,11911570,lingeling,30358,default.sh,368416,complete,1.22107,1.2213,11148,UNSAT
mchess/mchess/mchessNORMAL/sinz/L/12.cnf,11911570,pgbdd,30373,default.sh,368719,timeout (wallclock),899.8,900.024,5700464,UNKNOWN
mchess/mchess/mchessNORMAL/sinz/L/12.cnf,11911570,sadical,30357,default.sh,368414,complete,15.1276,15.1278,8236,UNSAT
mchess/mchess/mchessNORMAL/sinz/L/18.cnf,11911571,kissat,30359,default.sh,368418,complete,383.799,383.81,43324,UNSAT
mchess/mchess/mchessNORMAL/sinz/L/18.cnf,11911571,lingeling,30358,default.sh,368416,timeout (wallclock),900.018,900.084,69484,UNKNOWN
mchess/mchess/mchessNORMAL/sinz/L/18.cnf,11911571,pgbdd,30373,default.sh,368719,timeout (wallclock),899.69,900.013,3674664,UNKNOWN
mchess/mchess/mchessNORMAL/sinz/L/18.cnf,11911571,sadical,30357,default.sh,368414,timeout (cpu),900.039,900.006,19012,UNKNOWN
mchess/mchess/mchessNORMAL/sinz/L/16.cnf,11911572,kissat,30359,default.sh,368418,complete,69.103,69.1028,25940,UNSAT
mchess/mchess/mchessNORMAL/sinz/L/16.cnf,11911572,lingeling,30358,default.sh,368416,complete,798.227,798.317,59780,UNSAT
mchess/mchess/mchessNORMAL/sinz/L/16.cnf,11911572,pgbdd,30373,default.sh,368719,timeout (wallclock),899.63,900.02,4535640,UNKNOWN
mchess/mchess/mchessNORMAL/sinz/L/16.cnf,11911572,sadical,30357,default.sh,368414,timeout (wallclock),899.976,900.075,14864,UNKNOWN
mchess/mchess/mchessNORMAL/sinz/L/10.cnf,11911573,kissat,30359,default.sh,368418,complete,0.120906,0.12104,8716,UNSAT
mchess/mchess/mchessNORMAL/sinz/L/10.cnf,11911573,lingeling,30358,default.sh,368416,complete,0.127279,0.12744,8648,UNSAT
mchess/mchess/mchessNORMAL/sinz/L/10.cnf,11911573,pgbdd,30373,default.sh,368719,memout,884.29,885.018,8389876,UNKNOWN
mchess/mchess/mchessNORMAL/sinz/L/10.cnf,11911573,sadical,30357,default.sh,368414,complete,1.48195,1.48201,6156,UNSAT
mchess/mchess/mchessNORMAL/sinz/L/8.cnf,11911574,kissat,30359,default.sh,368418,complete,0.012803,0.0129411,8232,UNSAT
mchess/mchess/mchessNORMAL/sinz/L/8.cnf,11911574,lingeling,30358,default.sh,368416,complete,0.024513,0.024751,7956,UNSAT
mchess/mchess/mchessNORMAL/sinz/L/8.cnf,11911574,pgbdd,30373,default.sh,368719,timeout (wallclock),899.93,900.096,4636732,UNKNOWN
mchess/mchess/mchessNORMAL/sinz/L/8.cnf,11911574,sadical,30357,default.sh,368414,complete,0.081328,0.08147,4864,UNSAT
mchess/mchess/mchessNORMAL/sinz/ML/12.cnf,11911554,kissat,30359,default.sh,368418,complete,1.3622,1.36278,10440,UNSAT
mchess/mchess/mchessNORMAL/sinz/ML/12.cnf,11911554,lingeling,30358,default.sh,368416,complete,2.65165,2.6521,12360,UNSAT
mchess/mchess/mchessNORMAL/sinz/ML/12.cnf,11911554,pgbdd,30373,default.sh,368719,timeout (wallclock),899.8,900.101,7597904,UNKNOWN
mchess/mchess/mchessNORMAL/sinz/ML/12.cnf,11911554,sadical,30357,default.sh,368414,complete,5.00874,5.00962,8024,UNSAT
mchess/mchess/mchessNORMAL/sinz/ML/20.cnf,11911555,kissat,30359,default.sh,368418,timeout (wallclock),899.946,900.037,45372,UNKNOWN
mchess/mchess/mchessNORMAL/sinz/ML/20.cnf,11911555,lingeling,30358,default.sh,368416,timeout (wallclock),899.991,900.103,101156,UNKNOWN
mchess/mchess/mchessNORMAL/sinz/ML/20.cnf,11911555,pgbdd,30373,default.sh,368719,timeout (wallclock),899.65,900.114,7531044,UNKNOWN
mchess/mchess/mchessNORMAL/sinz/ML/20.cnf,11911555,sadical,30357,default.sh,368414,timeout (wallclock),900.012,900.04,32492,UNKNOWN
mchess/mchess/mchessNORMAL/sinz/ML/14.cnf,11911556,kissat,30359,default.sh,368418,complete,18.4696,18.4703,17532,UNSAT
mchess/mchess/mchessNORMAL/sinz/ML/14.cnf,11911556,lingeling,30358,default.sh,368416,complete,22.0308,22.0387,19768,UNSAT
mchess/mchess/mchessNORMAL/sinz/ML/14.cnf,11911556,pgbdd,30373,default.sh,368719,timeout (wallclock),899.74,900.015,4319040,UNKNOWN
mchess/mchess/mchessNORMAL/sinz/ML/14.cnf,11911556,sadical,30357,default.sh,368414,complete,15.9788,15.9793,11720,UNSAT
mchess/mchess/mchessNORMAL/sinz/ML/8.cnf,11911557,kissat,30359,default.sh,368418,complete,0.013093,0.0132199,8236,UNSAT
mchess/mchess/mchessNORMAL/sinz/ML/8.cnf,11911557,lingeling,30358,default.sh,368416,complete,0.032214,0.032375,7956,UNSAT
mchess/mchess/mchessNORMAL/sinz/ML/8.cnf,11911557,pgbdd,30373,default.sh,368719,memout,757.24,757.615,8510836,UNKNOWN
mchess/mchess/mchessNORMAL/sinz/ML/8.cnf,11911557,sadical,30357,default.sh,368414,complete,0.07626,0.0763929,4864,UNSAT
mchess/mchess/mchessNORMAL/sinz/ML/10.cnf,11911558,kissat,30359,default.sh,368418,complete,0.106123,0.10621,8664,UNSAT
mchess/mchess/mchessNORMAL/sinz/ML/10.cnf,11911558,lingeling,30358,default.sh,368416,complete,0.163234,0.16339,8512,UNSAT
mchess/mchess/mchessNORMAL/sinz/ML/10.cnf,11911558,pgbdd,30373,default.sh,368719,memout,817.72,818.008,8388912,UNKNOWN
mchess/mchess/mchessNORMAL/sinz/ML/10.cnf,11911558,sadical,30357,default.sh,368414,complete,0.88588,0.886099,6144,UNSAT
mchess/mchess/mchessNORMAL/sinz/ML/16.cnf,11911559,kissat,30359,default.sh,368418,complete,179.943,179.955,26160,UNSAT
mchess/mchess/mchessNORMAL/sinz/ML/16.cnf,11911559,lingeling,30358,default.sh,368416,complete,664.363,664.477,63016,UNSAT
mchess/mchess/mchessNORMAL/sinz/ML/16.cnf,11911559,pgbdd,30373,default.sh,368719,timeout (wallclock),899.8,900.061,5448228,UNKNOWN
mchess/mchess/mchessNORMAL/sinz/ML/16.cnf,11911559,sadical,30357,default.sh,368414,complete,34.3809,34.3859,18836,UNSAT
mchess/mchess/mchessNORMAL/sinz/ML/18.cnf,11911560,kissat,30359,default.sh,368418,complete,622.895,622.9,43880,UNSAT
mchess/mchess/mchessNORMAL/sinz/ML/18.cnf,11911560,lingeling,30358,default.sh,368416,timeout (wallclock),899.972,900.096,73296,UNKNOWN
mchess/mchess/mchessNORMAL/sinz/ML/18.cnf,11911560,pgbdd,30373,default.sh,368719,timeout (wallclock),899.75,900.021,7487016,UNKNOWN
mchess/mchess/mchessNORMAL/sinz/ML/18.cnf,11911560,sadical,30357,default.sh,368414,timeout (wallclock),899.986,900.03,18828,UNKNOWN
mchess/mchess/mchessNORMAL/sinz/O/16.cnf,11911561,kissat,30359,default.sh,368418,complete,152.374,152.37,26300,UNSAT
mchess/mchess/mchessNORMAL/sinz/O/16.cnf,11911561,lingeling,30358,default.sh,368416,complete,632.976,633.167,63420,UNSAT
mchess/mchess/mchessNORMAL/sinz/O/16.cnf,11911561,pgbdd,30373,default.sh,368719,complete,674.352,674.425,937052,UNSAT
mchess/mchess/mchessNORMAL/sinz/O/16.cnf,11911561,sadical,30357,default.sh,368414,timeout (wallclock),899.96,900.029,14320,UNKNOWN
mchess/mchess/mchessNORMAL/sinz/O/18.cnf,11911562,kissat,30359,default.sh,368418,complete,219.986,220.03,34888,UNSAT
mchess/mchess/mchessNORMAL/sinz/O/18.cnf,11911562,lingeling,30358,default.sh,368416,timeout (wallclock),899.923,900.02,83076,UNKNOWN
mchess/mchess/mchessNORMAL/sinz/O/18.cnf,11911562,pgbdd,30373,default.sh,368719,timeout (wallclock),899.58,900.034,2651936,UNKNOWN
mchess/mchess/mchessNORMAL/sinz/O/18.cnf,11911562,sadical,30357,default.sh,368414,timeout (wallclock),899.942,900.044,19528,UNKNOWN
mchess/mchess/mchessNORMAL/sinz/O/8.cnf,11911563,kissat,30359,default.sh,368418,complete,0.01284,0.016795,0,UNSAT
mchess/mchess/mchessNORMAL/sinz/O/8.cnf,11911563,lingeling,30358,default.sh,368416,complete,0.028384,0.0285019,7956,UNSAT
mchess/mchess/mchessNORMAL/sinz/O/8.cnf,11911563,pgbdd,30373,default.sh,368719,complete,2.24658,2.24695,253920,UNSAT
mchess/mchess/mchessNORMAL/sinz/O/8.cnf,11911563,sadical,30357,default.sh,368414,complete,0.298474,0.298759,5004,UNSAT
mchess/mchess/mchessNORMAL/sinz/O/10.cnf,11911564,kissat,30359,default.sh,368418,complete,0.107611,0.107757,8520,UNSAT
mchess/mchess/mchessNORMAL/sinz/O/10.cnf,11911564,lingeling,30358,default.sh,368416,complete,0.103736,0.103879,8076,UNSAT
mchess/mchess/mchessNORMAL/sinz/O/10.cnf,11911564,pgbdd,30373,default.sh,368719,complete,10.677,10.6783,274332,UNSAT
mchess/mchess/mchessNORMAL/sinz/O/10.cnf,11911564,sadical,30357,default.sh,368414,complete,6.09267,6.09341,6364,UNSAT
mchess/mchess/mchessNORMAL/sinz/O/14.cnf,11911565,kissat,30359,default.sh,368418,complete,14.342,14.3431,15148,UNSAT
mchess/mchess/mchessNORMAL/sinz/O/14.cnf,11911565,lingeling,30358,default.sh,368416,complete,29.4703,29.471,21752,UNSAT
mchess/mchess/mchessNORMAL/sinz/O/14.cnf,11911565,pgbdd,30373,default.sh,368719,complete,184.928,184.927,487984,UNSAT
mchess/mchess/mchessNORMAL/sinz/O/14.cnf,11911565,sadical,30357,default.sh,368414,timeout (wallclock),899.995,900.037,12372,UNKNOWN
mchess/mchess/mchessNORMAL/sinz/O/20.cnf,11911566,kissat,30359,default.sh,368418,timeout (wallclock),899.951,900.013,62076,UNKNOWN
mchess/mchess/mchessNORMAL/sinz/O/20.cnf,11911566,lingeling,30358,default.sh,368416,timeout (wallclock),899.942,900.014,81888,UNKNOWN
mchess/mchess/mchessNORMAL/sinz/O/20.cnf,11911566,pgbdd,30373,default.sh,368719,timeout (wallclock),900,900.058,4359716,UNKNOWN
mchess/mchess/mchessNORMAL/sinz/O/20.cnf,11911566,sadical,30357,default.sh,368414,timeout (wallclock),899.99,900.088,32428,UNKNOWN
mchess/mchess/mchessNORMAL/sinz/O/12.cnf,11911567,kissat,30359,default.sh,368418,complete,0.934106,0.934267,9912,UNSAT
mchess/mchess/mchessNORMAL/sinz/O/12.cnf,11911567,lingeling,30358,default.sh,368416,complete,1.48623,1.48642,11296,UNSAT
mchess/mchess/mchessNORMAL/sinz/O/12.cnf,11911567,pgbdd,30373,default.sh,368719,complete,45.9818,45.9826,326936,UNSAT
mchess/mchess/mchessNORMAL/sinz/O/12.cnf,11911567,sadical,30357,default.sh,368414,complete,137.492,137.497,8652,UNSAT
mchess/mchess/mchessNORMAL/sinz/M/16.cnf,11911547,kissat,30359,default.sh,368418,complete,134.495,134.515,26084,UNSAT
mchess/mchess/mchessNORMAL/sinz/M/16.cnf,11911547,lingeling,30358,default.sh,368416,complete,551.158,551.178,58776,UNSAT
mchess/mchess/mchessNORMAL/sinz/M/16.cnf,11911547,pgbdd,30373,default.sh,368719,timeout (wallclock),899.9,900.075,5132524,UNKNOWN
mchess/mchess/mchessNORMAL/sinz/M/16.cnf,11911547,sadical,30357,default.sh,368414,timeout (wallclock),900.013,900.058,14400,UNKNOWN
mchess/mchess/mchessNORMAL/sinz/M/18.cnf,11911548,kissat,30359,default.sh,368418,timeout (cpu),900.06,900.095,44784,UNKNOWN
mchess/mchess/mchessNORMAL/sinz/M/18.cnf,11911548,lingeling,30358,default.sh,368416,timeout (wallclock),899.912,900.02,72532,UNKNOWN
mchess/mchess/mchessNORMAL/sinz/M/18.cnf,11911548,pgbdd,30373,default.sh,368719,timeout (wallclock),899.88,900.086,5180940,UNKNOWN
mchess/mchess/mchessNORMAL/sinz/M/18.cnf,11911548,sadical,30357,default.sh,368414,timeout (cpu),900.066,900.014,19052,UNKNOWN
mchess/mchess/mchessNORMAL/sinz/M/8.cnf,11911549,kissat,30359,default.sh,368418,complete,0.015872,0.01599,8236,UNSAT
mchess/mchess/mchessNORMAL/sinz/M/8.cnf,11911549,lingeling,30358,default.sh,368416,complete,0.02457,0.0247149,8068,UNSAT
mchess/mchess/mchessNORMAL/sinz/M/8.cnf,11911549,pgbdd,30373,default.sh,368719,timeout (wallclock),899.4,900.112,6676884,UNKNOWN
mchess/mchess/mchessNORMAL/sinz/M/8.cnf,11911549,sadical,30357,default.sh,368414,complete,0.305985,0.306131,4868,UNSAT
mchess/mchess/mchessNORMAL/sinz/M/10.cnf,11911550,kissat,30359,default.sh,368418,complete,0.134672,0.134812,8668,UNSAT
mchess/mchess/mchessNORMAL/sinz/M/10.cnf,11911550,lingeling,30358,default.sh,368416,complete,0.438836,0.442366,9096,UNSAT
mchess/mchess/mchessNORMAL/sinz/M/10.cnf,11911550,pgbdd,30373,default.sh,368719,memout,864.72,865.208,8389388,UNKNOWN
mchess/mchess/mchessNORMAL/sinz/M/10.cnf,11911550,sadical,30357,default.sh,368414,complete,3.18596,3.18633,6240,UNSAT
mchess/mchess/mchessNORMAL/sinz/M/14.cnf,11911551,kissat,30359,default.sh,368418,complete,15.1151,15.1146,17452,UNSAT
mchess/mchess/mchessNORMAL/sinz/M/14.cnf,11911551,lingeling,30358,default.sh,368416,complete,23.3144,23.3152,19712,UNSAT
mchess/mchess/mchessNORMAL/sinz/M/14.cnf,11911551,pgbdd,30373,default.sh,368719,memout,667.27,667.327,8503724,UNKNOWN
mchess/mchess/mchessNORMAL/sinz/M/14.cnf,11911551,sadical,30357,default.sh,368414,timeout (wallclock),899.955,900.023,12776,UNKNOWN
mchess/mchess/mchessNORMAL/sinz/M/12.cnf,11911552,kissat,30359,default.sh,368418,complete,1.6846,1.68487,10432,UNSAT
mchess/mchess/mchessNORMAL/sinz/M/12.cnf,11911552,lingeling,30358,default.sh,368416,complete,1.344,1.34416,10720,UNSAT
mchess/mchess/mchessNORMAL/sinz/M/12.cnf,11911552,pgbdd,30373,default.sh,368719,memout,735.15,735.645,8388968,UNKNOWN
mchess/mchess/mchessNORMAL/sinz/M/12.cnf,11911552,sadical,30357,default.sh,368414,complete,80.8642,80.8704,8740,UNSAT
mchess/mchess/mchessNORMAL/sinz/M/20.cnf,11911553,kissat,30359,default.sh,368418,timeout (wallclock),899.952,900.106,61564,UNKNOWN
mchess/mchess/mchessNORMAL/sinz/M/20.cnf,11911553,lingeling,30358,default.sh,368416,timeout (wallclock),899.881,900.013,90216,UNKNOWN
mchess/mchess/mchessNORMAL/sinz/M/20.cnf,11911553,pgbdd,30373,default.sh,368719,memout,677.62,677.94,8389156,UNKNOWN
mchess/mchess/mchessNORMAL/sinz/M/20.cnf,11911553,sadical,30357,default.sh,368414,timeout (cpu),900.087,900.049,32628,UNKNOWN
mchess/mchess/mchessNORMAL/direct/L/16.cnf,11911533,kissat,30359,default.sh,368418,complete,87.5757,87.6002,21872,UNSAT
mchess/mchess/mchessNORMAL/direct/L/16.cnf,11911533,lingeling,30358,default.sh,368416,complete,0.006927,0.0148989,0,UNSAT
mchess/mchess/mchessNORMAL/direct/L/16.cnf,11911533,pgbdd,30373,default.sh,368719,complete,665.647,665.678,899424,UNSAT
mchess/mchess/mchessNORMAL/direct/L/16.cnf,11911533,sadical,30357,default.sh,368414,timeout (wallclock),899.92,900.02,11756,UNKNOWN
mchess/mchess/mchessNORMAL/direct/L/18.cnf,11911534,kissat,30359,default.sh,368418,complete,326.813,326.807,35420,UNSAT
mchess/mchess/mchessNORMAL/direct/L/18.cnf,11911534,lingeling,30358,default.sh,368416,complete,0.008557,0.015535,0,UNSAT
mchess/mchess/mchessNORMAL/direct/L/18.cnf,11911534,pgbdd,30373,default.sh,368719,timeout (wallclock),899.75,900.063,2320112,UNKNOWN
mchess/mchess/mchessNORMAL/direct/L/18.cnf,11911534,sadical,30357,default.sh,368414,timeout (cpu),900.089,900.061,18644,UNKNOWN
mchess/mchess/mchessNORMAL/direct/L/10.cnf,11911535,kissat,30359,default.sh,368418,complete,0.124325,0.124456,8596,UNSAT
mchess/mchess/mchessNORMAL/direct/L/10.cnf,11911535,lingeling,30358,default.sh,368416,complete,0.003772,0.010172,0,UNSAT
mchess/mchess/mchessNORMAL/direct/L/10.cnf,11911535,pgbdd,30373,default.sh,368719,complete,11.1264,11.1339,270344,UNSAT
mchess/mchess/mchessNORMAL/direct/L/10.cnf,11911535,sadical,30357,default.sh,368414,complete,1.92291,1.92304,6104,UNSAT
mchess/mchess/mchessNORMAL/direct/L/8.cnf,11911536,kissat,30359,default.sh,368418,complete,0.009615,0.0120809,0,UNSAT
mchess/mchess/mchessNORMAL/direct/L/8.cnf,11911536,lingeling,30358,default.sh,368416,complete,0.003547,0.0114281,0,UNSAT
mchess/mchess/mchessNORMAL/direct/L/8.cnf,11911536,pgbdd,30373,default.sh,368719,complete,2.39488,2.39928,252556,UNSAT
mchess/mchess/mchessNORMAL/direct/L/8.cnf,11911536,sadical,30357,default.sh,368414,complete,0.111702,0.111834,4572,UNSAT
mchess/mchess/mchessNORMAL/direct/L/14.cnf,11911537,kissat,30359,default.sh,368418,complete,14.736,14.7381,17168,UNSAT
mchess/mchess/mchessNORMAL/direct/L/14.cnf,11911537,lingeling,30358,default.sh,368416,complete,0.005745,0.016544,0,UNSAT
mchess/mchess/mchessNORMAL/direct/L/14.cnf,11911537,pgbdd,30373,default.sh,368719,complete,177.775,177.826,477584,UNSAT
mchess/mchess/mchessNORMAL/direct/L/14.cnf,11911537,sadical,30357,default.sh,368414,complete,203.108,203.113,12068,UNSAT
mchess/mchess/mchessNORMAL/direct/L/12.cnf,11911538,kissat,30359,default.sh,368418,complete,2.34554,2.35001,10640,UNSAT
mchess/mchess/mchessNORMAL/direct/L/12.cnf,11911538,lingeling,30358,default.sh,368416,complete,0.004648,0.011699,0,UNSAT
mchess/mchess/mchessNORMAL/direct/L/12.cnf,11911538,pgbdd,30373,default.sh,368719,complete,90.1459,45.1184,324344,UNSAT
mchess/mchess/mchessNORMAL/direct/L/12.cnf,11911538,sadical,30357,default.sh,368414,complete,29.0019,29.0039,8080,UNSAT
mchess/mchess/mchessNORMAL/direct/L/20.cnf,11911539,kissat,30359,default.sh,368418,timeout (cpu),900.069,900.04,45432,UNKNOWN
mchess/mchess/mchessNORMAL/direct/L/20.cnf,11911539,lingeling,30358,default.sh,368416,complete,0.011721,0.0119419,0,UNSAT
mchess/mchess/mchessNORMAL/direct/L/20.cnf,11911539,pgbdd,30373,default.sh,368719,timeout (wallclock),899.77,900.046,3970432,UNKNOWN
mchess/mchess/mchessNORMAL/direct/L/20.cnf,11911539,sadical,30357,default.sh,368414,timeout (cpu),900.034,900.059,32000,UNKNOWN
mchess/mchess/mchessNORMAL/direct/O/16.cnf,11911540,kissat,30359,default.sh,368418,complete,50.3823,50.3811,21828,UNSAT
mchess/mchess/mchessNORMAL/direct/O/16.cnf,11911540,lingeling,30358,default.sh,368416,complete,0.005001,0.012397,0,UNSAT
mchess/mchess/mchessNORMAL/direct/O/16.cnf,11911540,pgbdd,30373,default.sh,368719,complete,706.461,706.531,922748,UNSAT
mchess/mchess/mchessNORMAL/direct/O/16.cnf,11911540,sadical,30357,default.sh,368414,timeout (wallclock),899.983,900.015,11516,UNKNOWN
mchess/mchess/mchessNORMAL/direct/O/18.cnf,11911541,kissat,30359,default.sh,368418,complete,236.847,236.854,26800,UNSAT
mchess/mchess/mchessNORMAL/direct/O/18.cnf,11911541,lingeling,30358,default.sh,368416,complete,0.006381,0.0118051,0,UNSAT
mchess/mchess/mchessNORMAL/direct/O/18.cnf,11911541,pgbdd,30373,default.sh,368719,timeout (wallclock),899.76,900.024,2255424,UNKNOWN
mchess/mchess/mchessNORMAL/direct/O/18.cnf,11911541,sadical,30357,default.sh,368414,timeout (wallclock),900.002,900.109,18324,UNKNOWN
mchess/mchess/mchessNORMAL/direct/O/8.cnf,11911542,kissat,30359,default.sh,368418,complete,0.010495,0.020457,0,UNSAT
mchess/mchess/mchessNORMAL/direct/O/8.cnf,11911542,lingeling,30358,default.sh,368416,complete,0.003592,0.0108651,0,UNSAT
mchess/mchess/mchessNORMAL/direct/O/8.cnf,11911542,pgbdd,30373,default.sh,368719,complete,2.4505,2.45109,252892,UNSAT
mchess/mchess/mchessNORMAL/direct/O/8.cnf,11911542,sadical,30357,default.sh,368414,complete,0.211704,0.211859,4656,UNSAT
mchess/mchess/mchessNORMAL/direct/O/10.cnf,11911543,kissat,30359,default.sh,368418,complete,0.131445,0.131594,8684,UNSAT
mchess/mchess/mchessNORMAL/direct/O/10.cnf,11911543,lingeling,30358,default.sh,368416,complete,0.004121,0.01585,0,UNSAT
mchess/mchess/mchessNORMAL/direct/O/10.cnf,11911543,pgbdd,30373,default.sh,368719,complete,11.5619,11.5619,272176,UNSAT
mchess/mchess/mchessNORMAL/direct/O/10.cnf,11911543,sadical,30357,default.sh,368414,complete,2.66552,2.66564,6236,UNSAT
mchess/mchess/mchessNORMAL/direct/O/14.cnf,11911544,kissat,30359,default.sh,368418,complete,15.07,15.071,17172,UNSAT
mchess/mchess/mchessNORMAL/direct/O/14.cnf,11911544,lingeling,30358,default.sh,368416,complete,0.004583,0.0101689,0,UNSAT
mchess/mchess/mchessNORMAL/direct/O/14.cnf,11911544,pgbdd,30373,default.sh,368719,complete,190.734,190.757,482112,UNSAT
mchess/mchess/mchessNORMAL/direct/O/14.cnf,11911544,sadical,30357,default.sh,368414,timeout (cpu),900.042,900.065,11788,UNKNOWN
mchess/mchess/mchessNORMAL/direct/O/20.cnf,11911545,kissat,30359,default.sh,368418,timeout (wallclock),900.014,900.02,61808,UNKNOWN
mchess/mchess/mchessNORMAL/direct/O/20.cnf,11911545,lingeling,30358,default.sh,368416,complete,0.006703,0.012442,0,UNSAT
mchess/mchess/mchessNORMAL/direct/O/20.cnf,11911545,pgbdd,30373,default.sh,368719,timeout (wallclock),899.96,900.075,4149928,UNKNOWN
mchess/mchess/mchessNORMAL/direct/O/20.cnf,11911545,sadical,30357,default.sh,368414,timeout (cpu),900.033,900.11,31932,UNKNOWN
mchess/mchess/mchessNORMAL/direct/O/12.cnf,11911546,kissat,30359,default.sh,368418,complete,0.910341,0.910485,9896,UNSAT
mchess/mchess/mchessNORMAL/direct/O/12.cnf,11911546,lingeling,30358,default.sh,368416,complete,0.003893,0.00977208,0,UNSAT
mchess/mchess/mchessNORMAL/direct/O/12.cnf,11911546,pgbdd,30373,default.sh,368719,complete,48.7587,48.7712,328884,UNSAT
mchess/mchess/mchessNORMAL/direct/O/12.cnf,11911546,sadical,30357,default.sh,368414,complete,53.3095,53.3215,8376,UNSAT