benchmark,benchmark id,solver,solver id,configuration,configuration id,status,cpu time,wallclock time,memory usage,result
php/pigeon/direct/ML/18.cnf,11911596,kissat,30359,default.sh,368418,timeout (wallclock),900.006,900.014,81320,UNKNOWN
php/pigeon/direct/ML/18.cnf,11911596,lingeling,30358,default.sh,368416,complete,0.008878,0.013057,0,UNSAT
php/pigeon/direct/ML/18.cnf,11911596,pgbdd,30373,default.sh,368719,timeout (cpu),900.034,900.116,7347356,UNKNOWN
php/pigeon/direct/ML/18.cnf,11911596,sadical,30357,default.sh,368414,timeout (wallclock),899.873,900.01,5724,UNKNOWN
php/pigeon/direct/ML/16.cnf,11911597,kissat,30359,default.sh,368418,timeout (cpu),900.072,900.125,52620,UNKNOWN
php/pigeon/direct/ML/16.cnf,11911597,lingeling,30358,default.sh,368416,complete,0.007422,0.0153861,0,UNSAT
php/pigeon/direct/ML/16.cnf,11911597,pgbdd,30373,default.sh,368719,timeout (wallclock),899.53,900.04,7571080,UNKNOWN
php/pigeon/direct/ML/16.cnf,11911597,sadical,30357,default.sh,368414,timeout (wallclock),899.975,900.031,5600,UNKNOWN
php/pigeon/direct/ML/10.cnf,11911598,kissat,30359,default.sh,368418,complete,138.269,138.282,26140,UNSAT
php/pigeon/direct/ML/10.cnf,11911598,lingeling,30358,default.sh,368416,complete,0.003986,0.0119051,0,UNSAT
php/pigeon/direct/ML/10.cnf,11911598,pgbdd,30373,default.sh,368719,complete,514.16,514.38,2111944,UNSAT
php/pigeon/direct/ML/10.cnf,11911598,sadical,30357,default.sh,368414,complete,66.1409,66.1484,4848,UNSAT
php/pigeon/direct/ML/8.cnf,11911599,kissat,30359,default.sh,368418,complete,1.18287,1.18304,10216,UNSAT
php/pigeon/direct/ML/8.cnf,11911599,lingeling,30358,default.sh,368416,complete,0.00418,0.0139131,0,UNSAT
php/pigeon/direct/ML/8.cnf,11911599,pgbdd,30373,default.sh,368719,complete,46.797,46.8026,497600,UNSAT
php/pigeon/direct/ML/8.cnf,11911599,sadical,30357,default.sh,368414,complete,0.279159,0.279358,4500,UNSAT
php/pigeon/direct/ML/14.cnf,11911600,kissat,30359,default.sh,368418,timeout (wallclock),900,900.034,53040,UNKNOWN
php/pigeon/direct/ML/14.cnf,11911600,lingeling,30358,default.sh,368416,complete,0.005764,0.0124671,0,UNSAT
php/pigeon/direct/ML/14.cnf,11911600,pgbdd,30373,default.sh,368719,timeout (wallclock),899.78,900.084,8176872,UNKNOWN
php/pigeon/direct/ML/14.cnf,11911600,sadical,30357,default.sh,368414,timeout (cpu),900.063,900.027,5356,UNKNOWN
php/pigeon/direct/ML/12.cnf,11911601,kissat,30359,default.sh,368418,timeout (wallclock),899.811,900.012,53064,UNKNOWN
php/pigeon/direct/ML/12.cnf,11911601,lingeling,30358,default.sh,368416,complete,0.004758,0.0112759,0,UNSAT
php/pigeon/direct/ML/12.cnf,11911601,pgbdd,30373,default.sh,368719,timeout (wallclock),899.88,900.016,7961080,UNKNOWN
php/pigeon/direct/ML/12.cnf,11911601,sadical,30357,default.sh,368414,complete,584.959,585.021,5592,UNSAT
php/pigeon/direct/ML/20.cnf,11911602,kissat,30359,default.sh,368418,timeout (wallclock),900.003,900.089,81180,UNKNOWN
php/pigeon/direct/ML/20.cnf,11911602,lingeling,30358,default.sh,368416,complete,0.011087,0.011208,8288,UNSAT
php/pigeon/direct/ML/20.cnf,11911602,pgbdd,30373,default.sh,368719,timeout (wallclock),899.7,900.024,6812124,UNKNOWN
php/pigeon/direct/ML/20.cnf,11911602,sadical,30357,default.sh,368414,timeout (wallclock),900.002,900.064,6120,UNKNOWN
php/pigeon/direct/O/10.cnf,11911582,kissat,30359,default.sh,368418,complete,9.68323,9.6829,16812,UNSAT
php/pigeon/direct/O/10.cnf,11911582,lingeling,30358,default.sh,368416,complete,0.004149,0.0120261,0,UNSAT
php/pigeon/direct/O/10.cnf,11911582,pgbdd,30373,default.sh,368719,complete,649.073,649.294,2742408,UNSAT
php/pigeon/direct/O/10.cnf,11911582,sadical,30357,default.sh,368414,complete,0.037229,0.0373669,4408,UNSAT
php/pigeon/direct/O/8.cnf,11911583,kissat,30359,default.sh,368418,complete,0.435163,0.435381,9668,UNSAT
php/pigeon/direct/O/8.cnf,11911583,lingeling,30358,default.sh,368416,complete,0.003347,0.0103859,0,UNSAT
php/pigeon/direct/O/8.cnf,11911583,pgbdd,30373,default.sh,368719,complete,53.9461,53.9432,550496,UNSAT
php/pigeon/direct/O/8.cnf,11911583,sadical,30357,default.sh,368414,complete,0.01657,0.0166961,4408,UNSAT
php/pigeon/direct/O/18.cnf,11911584,kissat,30359,default.sh,368418,timeout (wallclock),899.99,900.016,85272,UNKNOWN
php/pigeon/direct/O/18.cnf,11911584,lingeling,30358,default.sh,368416,complete,0.007229,0.0113029,0,UNSAT
php/pigeon/direct/O/18.cnf,11911584,pgbdd,30373,default.sh,368719,memout,783.8,784.116,8388980,UNKNOWN
php/pigeon/direct/O/18.cnf,11911584,sadical,30357,default.sh,368414,complete,0.60214,0.602277,4912,UNSAT
php/pigeon/direct/O/16.cnf,11911585,kissat,30359,default.sh,368418,timeout (wallclock),899.963,900.013,84308,UNKNOWN
php/pigeon/direct/O/16.cnf,11911585,lingeling,30358,default.sh,368416,complete,0.005795,0.0104251,0,UNSAT
php/pigeon/direct/O/16.cnf,11911585,pgbdd,30373,default.sh,368719,memout,731.57,731.937,8389720,UNKNOWN
php/pigeon/direct/O/16.cnf,11911585,sadical,30357,default.sh,368414,complete,0.333324,0.333461,4704,UNSAT
php/pigeon/direct/O/20.cnf,11911586,kissat,30359,default.sh,368418,timeout (wallclock),900.011,900.102,80000,UNKNOWN
php/pigeon/direct/O/20.cnf,11911586,lingeling,30358,default.sh,368416,complete,0.008439,0.0122661,0,UNSAT
php/pigeon/direct/O/20.cnf,11911586,pgbdd,30373,default.sh,368719,memout,836.03,836.421,8390084,UNKNOWN
php/pigeon/direct/O/20.cnf,11911586,sadical,30357,default.sh,368414,complete,1.03273,1.03295,5044,UNSAT
php/pigeon/direct/O/12.cnf,11911587,kissat,30359,default.sh,368418,timeout (cpu),900.085,900.137,44988,UNKNOWN
php/pigeon/direct/O/12.cnf,11911587,lingeling,30358,default.sh,368416,complete,0.004341,0.0109481,0,UNSAT
php/pigeon/direct/O/12.cnf,11911587,pgbdd,30373,default.sh,368719,memout,806.15,806.522,8389816,UNKNOWN
php/pigeon/direct/O/12.cnf,11911587,sadical,30357,default.sh,368414,complete,0.086345,0.0864691,4540,UNSAT
php/pigeon/direct/O/14.cnf,11911588,kissat,30359,default.sh,368418,timeout (wallclock),899.995,900.02,59916,UNKNOWN
php/pigeon/direct/O/14.cnf,11911588,lingeling,30358,default.sh,368416,complete,0.004893,0.0153899,0,UNSAT
php/pigeon/direct/O/14.cnf,11911588,pgbdd,30373,default.sh,368719,memout,771.5,771.718,8400972,UNKNOWN
php/pigeon/direct/O/14.cnf,11911588,sadical,30357,default.sh,368414,complete,0.170862,0.171003,4632,UNSAT
php/pigeon/split/ML/14.cnf,11911743,kissat,30359,default.sh,368418,timeout (wallclock),899.905,900.031,52888,UNKNOWN
php/pigeon/split/ML/14.cnf,11911743,lingeling,30358,default.sh,368416,complete,0.00482,0.010576,0,UNSAT
php/pigeon/split/ML/14.cnf,11911743,pgbdd,30373,default.sh,368719,memout,645.26,645.503,8389332,UNKNOWN
php/pigeon/split/ML/14.cnf,11911743,sadical,30357,default.sh,368414,timeout (cpu),900.061,900.08,5128,UNKNOWN
php/pigeon/split/ML/20.cnf,11911744,kissat,30359,default.sh,368418,timeout (cpu),900.079,900.05,52560,UNKNOWN
php/pigeon/split/ML/20.cnf,11911744,lingeling,30358,default.sh,368416,complete,0.011786,0.0181,0,UNSAT
php/pigeon/split/ML/20.cnf,11911744,pgbdd,30373,default.sh,368719,memout,726.77,727.142,8388832,UNKNOWN
php/pigeon/split/ML/20.cnf,11911744,sadical,30357,default.sh,368414,timeout (cpu),900.1,900.079,5296,UNKNOWN
php/pigeon/split/ML/12.cnf,11911745,kissat,30359,default.sh,368418,complete,106.217,106.224,25664,UNSAT
php/pigeon/split/ML/12.cnf,11911745,lingeling,30358,default.sh,368416,complete,0.004525,0.0138551,0,UNSAT
php/pigeon/split/ML/12.cnf,11911745,pgbdd,30373,default.sh,368719,memout,584.47,584.713,8721280,UNKNOWN
php/pigeon/split/ML/12.cnf,11911745,sadical,30357,default.sh,368414,timeout (cpu),900.032,900.048,8656,UNKNOWN
php/pigeon/split/ML/16.cnf,11911746,kissat,30359,default.sh,368418,timeout (cpu),900.055,900.048,57772,UNKNOWN
php/pigeon/split/ML/16.cnf,11911746,lingeling,30358,default.sh,368416,complete,0.005214,0.00980305,0,UNSAT
php/pigeon/split/ML/16.cnf,11911746,pgbdd,30373,default.sh,368719,memout,690.31,690.616,8390228,UNKNOWN
php/pigeon/split/ML/16.cnf,11911746,sadical,30357,default.sh,368414,timeout (wallclock),899.967,900.036,5632,UNKNOWN
php/pigeon/split/ML/18.cnf,11911747,kissat,30359,default.sh,368418,timeout (cpu),900.088,900.072,59524,UNKNOWN
php/pigeon/split/ML/18.cnf,11911747,lingeling,30358,default.sh,368416,complete,0.006289,0.0139029,0,UNSAT
php/pigeon/split/ML/18.cnf,11911747,pgbdd,30373,default.sh,368719,memout,713.55,713.833,8389444,UNKNOWN
php/pigeon/split/ML/18.cnf,11911747,sadical,30357,default.sh,368414,timeout (cpu),900.059,900.036,5988,UNKNOWN
php/pigeon/split/ML/8.cnf,11911748,kissat,30359,default.sh,368418,complete,0.045502,0.0456251,8244,UNSAT
php/pigeon/split/ML/8.cnf,11911748,lingeling,30358,default.sh,368416,complete,0.006168,0.018146,0,UNSAT
php/pigeon/split/ML/8.cnf,11911748,pgbdd,30373,default.sh,368719,timeout (wallclock),899.67,900.025,3592216,UNKNOWN
php/pigeon/split/ML/8.cnf,11911748,sadical,30357,default.sh,368414,complete,2.98449,2.98497,4616,UNSAT
php/pigeon/split/ML/10.cnf,11911749,kissat,30359,default.sh,368418,complete,0.450995,0.451429,9688,UNSAT
php/pigeon/split/ML/10.cnf,11911749,lingeling,30358,default.sh,368416,complete,0.006609,0.0234961,0,UNSAT
php/pigeon/split/ML/10.cnf,11911749,pgbdd,30373,default.sh,368719,memout,744.21,744.659,8388944,UNKNOWN
php/pigeon/split/ML/10.cnf,11911749,sadical,30357,default.sh,368414,complete,458.742,458.756,5180,UNSAT
php/pigeon/sinz/O/12.cnf,11911638,kissat,30359,default.sh,368418,complete,40.4369,40.4361,21748,UNSAT
php/pigeon/sinz/O/12.cnf,11911638,lingeling,30358,default.sh,368416,complete,4.7693,4.76993,12836,UNSAT
php/pigeon/sinz/O/12.cnf,11911638,pgbdd,30373,default.sh,368719,memout,820.22,820.516,8445396,UNKNOWN
php/pigeon/sinz/O/12.cnf,11911638,sadical,30357,default.sh,368414,timeout (cpu),900.015,900.088,5644,UNKNOWN
php/pigeon/sinz/O/20.cnf,11911639,kissat,30359,default.sh,368418,timeout (wallclock),899.88,900.022,80092,UNKNOWN
php/pigeon/sinz/O/20.cnf,11911639,lingeling,30358,default.sh,368416,timeout (wallclock),899.87,900.028,82708,UNKNOWN
php/pigeon/sinz/O/20.cnf,11911639,pgbdd,30373,default.sh,368719,memout,886.97,887.543,8388880,UNKNOWN
php/pigeon/sinz/O/20.cnf,11911639,sadical,30357,default.sh,368414,timeout (wallclock),899.931,900.02,5488,UNKNOWN
php/pigeon/sinz/O/14.cnf,11911640,kissat,30359,default.sh,368418,timeout (wallclock),899.925,900.014,49012,UNKNOWN
php/pigeon/sinz/O/14.cnf,11911640,lingeling,30358,default.sh,368416,complete,180.851,180.856,24136,UNSAT
php/pigeon/sinz/O/14.cnf,11911640,pgbdd,30373,default.sh,368719,timeout (wallclock),899.84,900.018,7349976,UNKNOWN
php/pigeon/sinz/O/14.cnf,11911640,sadical,30357,default.sh,368414,timeout (cpu),900.05,900.04,4892,UNKNOWN
php/pigeon/sinz/O/8.cnf,11911641,kissat,30359,default.sh,368418,complete,0.08645,0.0865769,8520,UNSAT
php/pigeon/sinz/O/8.cnf,11911641,lingeling,30358,default.sh,368416,complete,0.044145,0.044268,7956,UNSAT
php/pigeon/sinz/O/8.cnf,11911641,pgbdd,30373,default.sh,368719,complete,66.6252,66.6453,627824,UNSAT
php/pigeon/sinz/O/8.cnf,11911641,sadical,30357,default.sh,368414,complete,81.1813,81.1774,4904,UNSAT
php/pigeon/sinz/O/10.cnf,11911642,kissat,30359,default.sh,368418,complete,0.504726,0.50486,9688,UNSAT
php/pigeon/sinz/O/10.cnf,11911642,lingeling,30358,default.sh,368416,complete,0.35568,0.35581,9344,UNSAT
php/pigeon/sinz/O/10.cnf,11911642,pgbdd,30373,default.sh,368719,timeout (wallclock),899.59,900.032,2872392,UNKNOWN
php/pigeon/sinz/O/10.cnf,11911642,sadical,30357,default.sh,368414,timeout (wallclock),899.989,900.083,6448,UNKNOWN
php/pigeon/sinz/O/16.cnf,11911643,kissat,30359,default.sh,368418,timeout (wallclock),900.01,900.063,59548,UNKNOWN
php/pigeon/sinz/O/16.cnf,11911643,lingeling,30358,default.sh,368416,timeout (wallclock),900.007,900.098,49752,UNKNOWN
php/pigeon/sinz/O/16.cnf,11911643,pgbdd,30373,default.sh,368719,memout,720.38,720.801,8389236,UNKNOWN
php/pigeon/sinz/O/16.cnf,11911643,sadical,30357,default.sh,368414,timeout (cpu),900.051,900.021,5276,UNKNOWN
php/pigeon/sinz/O/18.cnf,11911644,kissat,30359,default.sh,368418,timeout (wallclock),899.986,900.085,60828,UNKNOWN
php/pigeon/sinz/O/18.cnf,11911644,lingeling,30358,default.sh,368416,timeout (cpu),900.077,900.138,59340,UNKNOWN
php/pigeon/sinz/O/18.cnf,11911644,pgbdd,30373,default.sh,368719,timeout (wallclock),899.74,900.049,5190536,UNKNOWN
php/pigeon/sinz/O/18.cnf,11911644,sadical,30357,default.sh,368414,timeout (wallclock),899.901,900.055,6056,UNKNOWN
php/pigeon/direct/M/18.cnf,11911624,kissat,30359,default.sh,368418,timeout (cpu),900.133,900.113,52508,UNKNOWN
php/pigeon/direct/M/18.cnf,11911624,lingeling,30358,default.sh,368416,complete,0.009661,0.0174531,0,UNSAT
php/pigeon/direct/M/18.cnf,11911624,pgbdd,30373,default.sh,368719,memout,786.78,786.813,8390636,UNKNOWN
php/pigeon/direct/M/18.cnf,11911624,sadical,30357,default.sh,368414,timeout (wallclock),899.931,900.038,5700,UNKNOWN
php/pigeon/direct/M/16.cnf,11911625,kissat,30359,default.sh,368418,timeout (cpu),900.083,900.12,60948,UNKNOWN
php/pigeon/direct/M/16.cnf,11911625,lingeling,30358,default.sh,368416,complete,0.006663,0.0102221,0,UNSAT
php/pigeon/direct/M/16.cnf,11911625,pgbdd,30373,default.sh,368719,memout,733.46,733.901,8388832,UNKNOWN
php/pigeon/direct/M/16.cnf,11911625,sadical,30357,default.sh,368414,timeout (cpu),900.063,900.061,5504,UNKNOWN
php/pigeon/direct/M/10.cnf,11911626,kissat,30359,default.sh,368418,complete,14.3025,14.3039,16864,UNSAT
php/pigeon/direct/M/10.cnf,11911626,lingeling,30358,default.sh,368416,complete,0.004236,0.0105361,0,UNSAT
php/pigeon/direct/M/10.cnf,11911626,pgbdd,30373,default.sh,368719,complete,476.477,476.661,2100476,UNSAT
php/pigeon/direct/M/10.cnf,11911626,sadical,30357,default.sh,368414,complete,4.00366,4.00387,4652,UNSAT
php/pigeon/direct/M/14.cnf,11911627,kissat,30359,default.sh,368418,timeout (wallclock),899.991,900.03,59628,UNKNOWN
php/pigeon/direct/M/14.cnf,11911627,lingeling,30358,default.sh,368416,complete,0.005602,0.0135441,0,UNSAT
php/pigeon/direct/M/14.cnf,11911627,pgbdd,30373,default.sh,368719,memout,775.25,775.61,8413660,UNKNOWN
php/pigeon/direct/M/14.cnf,11911627,sadical,30357,default.sh,368414,complete,679.809,679.889,5404,UNSAT
php/pigeon/direct/M/8.cnf,11911628,kissat,30359,default.sh,368418,complete,0.216171,0.217756,8904,UNSAT
php/pigeon/direct/M/8.cnf,11911628,lingeling,30358,default.sh,368416,complete,0.003579,0.0106089,0,UNSAT
php/pigeon/direct/M/8.cnf,11911628,pgbdd,30373,default.sh,368719,complete,41.1916,41.1923,494768,UNSAT
php/pigeon/direct/M/8.cnf,11911628,sadical,30357,default.sh,368414,complete,0.397814,0.398038,4540,UNSAT
php/pigeon/direct/M/20.cnf,11911629,kissat,30359,default.sh,368418,timeout (cpu),900.116,900.134,79996,UNKNOWN
php/pigeon/direct/M/20.cnf,11911629,lingeling,30358,default.sh,368416,complete,0.01074,0.01088,8288,UNSAT
php/pigeon/direct/M/20.cnf,11911629,pgbdd,30373,default.sh,368719,memout,830.5,831.11,8390616,UNKNOWN
php/pigeon/direct/M/20.cnf,11911629,sadical,30357,default.sh,368414,timeout (cpu),900.027,900.047,6020,UNKNOWN
php/pigeon/direct/M/12.cnf,11911630,kissat,30359,default.sh,368418,timeout (wallclock),899.978,900.028,53748,UNKNOWN
php/pigeon/direct/M/12.cnf,11911630,lingeling,30358,default.sh,368416,complete,0.004552,0.010936,0,UNSAT
php/pigeon/direct/M/12.cnf,11911630,pgbdd,30373,default.sh,368719,memout,789.99,790.458,8388808,UNKNOWN
php/pigeon/direct/M/12.cnf,11911630,sadical,30357,default.sh,368414,complete,35.6378,35.642,4836,UNSAT
php/pigeon/direct/L/18.cnf,11911610,kissat,30359,default.sh,368418,timeout (wallclock),899.953,900.013,84096,UNKNOWN
php/pigeon/direct/L/18.cnf,11911610,lingeling,30358,default.sh,368416,complete,0.007648,0.0125211,0,UNSAT
php/pigeon/direct/L/18.cnf,11911610,pgbdd,30373,default.sh,368719,memout,820.65,821.103,8390388,UNKNOWN
php/pigeon/direct/L/18.cnf,11911610,sadical,30357,default.sh,368414,timeout (cpu),900.041,900.11,5692,UNKNOWN
php/pigeon/direct/L/16.cnf,11911611,kissat,30359,default.sh,368418,timeout (wallclock),899.931,900.021,52836,UNKNOWN
php/pigeon/direct/L/16.cnf,11911611,lingeling,30358,default.sh,368416,complete,0.005932,0.0137479,0,UNSAT
php/pigeon/direct/L/16.cnf,11911611,pgbdd,30373,default.sh,368719,memout,771.38,771.718,8388928,UNKNOWN
php/pigeon/direct/L/16.cnf,11911611,sadical,30357,default.sh,368414,timeout (wallclock),899.943,900.021,5108,UNKNOWN
php/pigeon/direct/L/10.cnf,11911612,kissat,30359,default.sh,368418,complete,11.2663,11.2681,16872,UNSAT
php/pigeon/direct/L/10.cnf,11911612,lingeling,30358,default.sh,368416,complete,0.004206,0.010843,0,UNSAT
php/pigeon/direct/L/10.cnf,11911612,pgbdd,30373,default.sh,368719,complete,658.08,658.227,2731416,UNSAT
php/pigeon/direct/L/10.cnf,11911612,sadical,30357,default.sh,368414,timeout (cpu),900.043,899.993,5276,UNKNOWN
php/pigeon/direct/L/14.cnf,11911613,kissat,30359,default.sh,368418,timeout (wallclock),899.978,900.078,59576,UNKNOWN
php/pigeon/direct/L/14.cnf,11911613,lingeling,30358,default.sh,368416,complete,0.004845,0.0225501,0,UNSAT
php/pigeon/direct/L/14.cnf,11911613,pgbdd,30373,default.sh,368719,memout,736.47,736.88,8388700,UNKNOWN
php/pigeon/direct/L/14.cnf,11911613,sadical,30357,default.sh,368414,timeout (wallclock),899.986,900.044,5600,UNKNOWN
php/pigeon/direct/L/8.cnf,11911614,kissat,30359,default.sh,368418,complete,0.149067,0.149205,8900,UNSAT
php/pigeon/direct/L/8.cnf,11911614,lingeling,30358,default.sh,368416,complete,0.003434,0.014682,0,UNSAT
php/pigeon/direct/L/8.cnf,11911614,pgbdd,30373,default.sh,368719,complete,56.3577,56.3647,544088,UNSAT
php/pigeon/direct/L/8.cnf,11911614,sadical,30357,default.sh,368414,complete,2.38123,2.38141,4520,UNSAT
php/pigeon/direct/L/20.cnf,11911615,kissat,30359,default.sh,368418,timeout (wallclock),899.919,900.03,84008,UNKNOWN
php/pigeon/direct/L/20.cnf,11911615,lingeling,30358,default.sh,368416,complete,0.008359,0.010136,0,UNSAT
php/pigeon/direct/L/20.cnf,11911615,pgbdd,30373,default.sh,368719,memout,833.87,834.343,8388848,UNKNOWN
php/pigeon/direct/L/20.cnf,11911615,sadical,30357,default.sh,368414,timeout (cpu),900.063,900.026,5460,UNKNOWN
php/pigeon/direct/L/12.cnf,11911616,kissat,30359,default.sh,368418,timeout (wallclock),899.974,900.023,52932,UNKNOWN
php/pigeon/direct/L/12.cnf,11911616,lingeling,30358,default.sh,368416,complete,0.004137,0.0106859,0,UNSAT
php/pigeon/direct/L/12.cnf,11911616,pgbdd,30373,default.sh,368719,memout,841.46,841.808,8388840,UNKNOWN
php/pigeon/direct/L/12.cnf,11911616,sadical,30357,default.sh,368414,timeout (wallclock),899.945,900.066,6056,UNKNOWN
php/pigeon/sinz/M/14.cnf,11911680,kissat,30359,default.sh,368418,timeout (wallclock),899.956,900.032,43224,UNKNOWN
php/pigeon/sinz/M/14.cnf,11911680,lingeling,30358,default.sh,368416,complete,538.685,538.752,36516,UNSAT
php/pigeon/sinz/M/14.cnf,11911680,pgbdd,30373,default.sh,368719,timeout (wallclock),899.92,900.105,1243144,UNKNOWN
php/pigeon/sinz/M/14.cnf,11911680,sadical,30357,default.sh,368414,timeout (wallclock),900,900.108,5032,UNKNOWN
php/pigeon/sinz/M/12.cnf,11911681,kissat,30359,default.sh,368418,complete,139.915,139.93,26152,UNSAT
php/pigeon/sinz/M/12.cnf,11911681,lingeling,30358,default.sh,368416,complete,9.52579,9.5267,13872,UNSAT
php/pigeon/sinz/M/12.cnf,11911681,pgbdd,30373,default.sh,368719,timeout (wallclock),899.83,900.095,4042996,UNKNOWN
php/pigeon/sinz/M/12.cnf,11911681,sadical,30357,default.sh,368414,timeout (wallclock),899.976,900.027,4904,UNKNOWN
php/pigeon/sinz/M/20.cnf,11911682,kissat,30359,default.sh,368418,timeout (wallclock),899.985,900.02,85448,UNKNOWN
php/pigeon/sinz/M/20.cnf,11911682,lingeling,30358,default.sh,368416,timeout (wallclock),899.936,900.094,115388,UNKNOWN
php/pigeon/sinz/M/20.cnf,11911682,pgbdd,30373,default.sh,368719,memout,657.22,657.497,8388952,UNKNOWN
php/pigeon/sinz/M/20.cnf,11911682,sadical,30357,default.sh,368414,timeout (cpu),900.013,900.086,6068,UNKNOWN
php/pigeon/sinz/M/8.cnf,11911683,kissat,30359,default.sh,368418,complete,0.080123,0.080267,8256,UNSAT
php/pigeon/sinz/M/8.cnf,11911683,lingeling,30358,default.sh,368416,complete,0.043859,0.0440081,7956,UNSAT
php/pigeon/sinz/M/8.cnf,11911683,pgbdd,30373,default.sh,368719,memout,673.27,673.694,8389484,UNKNOWN
php/pigeon/sinz/M/8.cnf,11911683,sadical,30357,default.sh,368414,complete,5.07594,5.07856,4700,UNSAT
php/pigeon/sinz/M/16.cnf,11911684,kissat,30359,default.sh,368418,timeout (wallclock),899.984,900.042,45044,UNKNOWN
php/pigeon/sinz/M/16.cnf,11911684,lingeling,30358,default.sh,368416,timeout (cpu),900.082,900.139,67580,UNKNOWN
php/pigeon/sinz/M/16.cnf,11911684,pgbdd,30373,default.sh,368719,timeout (wallclock),899.53,900.11,2002308,UNKNOWN
php/pigeon/sinz/M/16.cnf,11911684,sadical,30357,default.sh,368414,timeout (wallclock),899.911,900.019,5136,UNKNOWN
php/pigeon/sinz/M/18.cnf,11911685,kissat,30359,default.sh,368418,timeout (wallclock),899.93,900.023,61124,UNKNOWN
php/pigeon/sinz/M/18.cnf,11911685,lingeling,30358,default.sh,368416,timeout (cpu),900.111,900.161,83588,UNKNOWN
php/pigeon/sinz/M/18.cnf,11911685,pgbdd,30373,default.sh,368719,timeout (wallclock),899.84,900.016,3647012,UNKNOWN
php/pigeon/sinz/M/18.cnf,11911685,sadical,30357,default.sh,368414,timeout (wallclock),899.995,900.063,6436,UNKNOWN
php/pigeon/sinz/M/10.cnf,11911686,kissat,30359,default.sh,368418,complete,0.554567,0.554709,9692,UNSAT
php/pigeon/sinz/M/10.cnf,11911686,lingeling,30358,default.sh,368416,complete,0.551163,0.551312,9984,UNSAT
php/pigeon/sinz/M/10.cnf,11911686,pgbdd,30373,default.sh,368719,memout,690.53,690.882,8495860,UNKNOWN
php/pigeon/sinz/M/10.cnf,11911686,sadical,30357,default.sh,368414,timeout (wallclock),899.98,900.044,5668,UNKNOWN
php/pigeon/sinz/ML/8.cnf,11911666,kissat,30359,default.sh,368418,complete,0.083915,0.084048,8668,UNSAT
php/pigeon/sinz/ML/8.cnf,11911666,lingeling,30358,default.sh,368416,complete,0.047515,0.047653,7956,UNSAT
php/pigeon/sinz/ML/8.cnf,11911666,pgbdd,30373,default.sh,368719,memout,746.21,746.555,8388828,UNKNOWN
php/pigeon/sinz/ML/8.cnf,11911666,sadical,30357,default.sh,368414,complete,0.567538,0.567729,4584,UNSAT
php/pigeon/sinz/ML/14.cnf,11911667,kissat,30359,default.sh,368418,timeout (wallclock),899.923,900.103,52732,UNKNOWN
php/pigeon/sinz/ML/14.cnf,11911667,lingeling,30358,default.sh,368416,timeout (wallclock),899.94,900.028,53800,UNKNOWN
php/pigeon/sinz/ML/14.cnf,11911667,pgbdd,30373,default.sh,368719,timeout (cpu),900.03,900.093,6520440,UNKNOWN
php/pigeon/sinz/ML/14.cnf,11911667,sadical,30357,default.sh,368414,timeout (cpu),900.073,900.054,5568,UNKNOWN
php/pigeon/sinz/ML/20.cnf,11911668,kissat,30359,default.sh,368418,timeout (wallclock),899.953,900.022,81272,UNKNOWN
php/pigeon/sinz/ML/20.cnf,11911668,lingeling,30358,default.sh,368416,timeout (wallclock),900.017,900.112,135200,UNKNOWN
php/pigeon/sinz/ML/20.cnf,11911668,pgbdd,30373,default.sh,368719,timeout (wallclock),899.86,900.055,5335336,UNKNOWN
php/pigeon/sinz/ML/20.cnf,11911668,sadical,30357,default.sh,368414,timeout (wallclock),900.007,900.058,6176,UNKNOWN
php/pigeon/sinz/ML/12.cnf,11911669,kissat,30359,default.sh,368418,complete,109.324,109.329,25800,UNSAT
php/pigeon/sinz/ML/12.cnf,11911669,lingeling,30358,default.sh,368416,complete,18.4015,18.4036,15476,UNSAT
php/pigeon/sinz/ML/12.cnf,11911669,pgbdd,30373,default.sh,368719,timeout (wallclock),899.84,900.068,6853256,UNKNOWN
php/pigeon/sinz/ML/12.cnf,11911669,sadical,30357,default.sh,368414,timeout (wallclock),899.629,900.03,5160,UNKNOWN
php/pigeon/sinz/ML/18.cnf,11911670,kissat,30359,default.sh,368418,timeout (wallclock),899.916,900.013,52596,UNKNOWN
php/pigeon/sinz/ML/18.cnf,11911670,lingeling,30358,default.sh,368416,timeout (cpu),900.136,900.139,106288,UNKNOWN
php/pigeon/sinz/ML/18.cnf,11911670,pgbdd,30373,default.sh,368719,timeout (wallclock),899.72,900.019,5368812,UNKNOWN
php/pigeon/sinz/ML/18.cnf,11911670,sadical,30357,default.sh,368414,timeout (wallclock),899.987,900.012,5712,UNKNOWN
php/pigeon/sinz/ML/16.cnf,11911671,kissat,30359,default.sh,368418,timeout (cpu),900.09,900.129,58088,UNKNOWN
php/pigeon/sinz/ML/16.cnf,11911671,lingeling,30358,default.sh,368416,timeout (wallclock),899.743,900.016,105348,UNKNOWN
php/pigeon/sinz/ML/16.cnf,11911671,pgbdd,30373,default.sh,368719,timeout (wallclock),899.85,900.042,5314308,UNKNOWN
php/pigeon/sinz/ML/16.cnf,11911671,sadical,30357,default.sh,368414,timeout (wallclock),899.916,900.041,5488,UNKNOWN
php/pigeon/sinz/ML/10.cnf,11911672,kissat,30359,default.sh,368418,complete,0.741248,0.741434,9756,UNSAT
php/pigeon/sinz/ML/10.cnf,11911672,lingeling,30358,default.sh,368416,complete,0.633416,0.633599,9468,UNSAT
php/pigeon/sinz/ML/10.cnf,11911672,pgbdd,30373,default.sh,368719,memout,867.84,868.128,8388868,UNKNOWN
php/pigeon/sinz/ML/10.cnf,11911672,sadical,30357,default.sh,368414,complete,15.3641,15.3659,4912,UNSAT
php/pigeon/sinz/L/10.cnf,11911652,kissat,30359,default.sh,368418,complete,0.791568,0.793553,10196,UNSAT
php/pigeon/sinz/L/10.cnf,11911652,lingeling,30358,default.sh,368416,complete,0.47316,0.473285,9368,UNSAT
php/pigeon/sinz/L/10.cnf,11911652,pgbdd,30373,default.sh,368719,timeout (cpu),900.09,900.078,4418232,UNKNOWN
php/pigeon/sinz/L/10.cnf,11911652,sadical,30357,default.sh,368414,complete,77.1067,77.1083,4940,UNSAT
php/pigeon/sinz/L/8.cnf,11911653,kissat,30359,default.sh,368418,complete,0.083106,0.08331,8368,UNSAT
php/pigeon/sinz/L/8.cnf,11911653,lingeling,30358,default.sh,368416,complete,0.055341,0.055468,8260,UNSAT
php/pigeon/sinz/L/8.cnf,11911653,pgbdd,30373,default.sh,368719,timeout (wallclock),899.83,900.055,4652176,UNKNOWN
php/pigeon/sinz/L/8.cnf,11911653,sadical,30357,default.sh,368414,complete,2.27972,2.28002,4652,UNSAT
php/pigeon/sinz/L/16.cnf,11911654,kissat,30359,default.sh,368418,timeout (wallclock),899.904,900.019,59608,UNKNOWN
php/pigeon/sinz/L/16.cnf,11911654,lingeling,30358,default.sh,368416,timeout (cpu),900.082,900.147,51416,UNKNOWN
php/pigeon/sinz/L/16.cnf,11911654,pgbdd,30373,default.sh,368719,timeout (wallclock),899.63,900.075,6443908,UNKNOWN
php/pigeon/sinz/L/16.cnf,11911654,sadical,30357,default.sh,368414,timeout (wallclock),899.99,900.029,5396,UNKNOWN
php/pigeon/sinz/L/18.cnf,11911655,kissat,30359,default.sh,368418,timeout (cpu),900.059,900.048,59628,UNKNOWN
php/pigeon/sinz/L/18.cnf,11911655,lingeling,30358,default.sh,368416,timeout (wallclock),899.846,900.022,59468,UNKNOWN
php/pigeon/sinz/L/18.cnf,11911655,pgbdd,30373,default.sh,368719,timeout (wallclock),899.61,900.022,5300072,UNKNOWN
php/pigeon/sinz/L/18.cnf,11911655,sadical,30357,default.sh,368414,timeout (wallclock),899.915,900.023,5540,UNKNOWN
php/pigeon/sinz/L/20.cnf,11911656,kissat,30359,default.sh,368418,timeout (cpu),900.128,900.152,80140,UNKNOWN
php/pigeon/sinz/L/20.cnf,11911656,lingeling,30358,default.sh,368416,timeout (wallclock),899.875,900.024,75764,UNKNOWN
php/pigeon/sinz/L/20.cnf,11911656,pgbdd,30373,default.sh,368719,timeout (wallclock),899.64,900.095,5398468,UNKNOWN
php/pigeon/sinz/L/20.cnf,11911656,sadical,30357,default.sh,368414,timeout (cpu),900.032,900.015,5632,UNKNOWN
php/pigeon/sinz/L/12.cnf,11911657,kissat,30359,default.sh,368418,complete,120.782,120.797,25768,UNSAT
php/pigeon/sinz/L/12.cnf,11911657,lingeling,30358,default.sh,368416,complete,6.87725,6.87759,13092,UNSAT
php/pigeon/sinz/L/12.cnf,11911657,pgbdd,30373,default.sh,368719,timeout (wallclock),899.42,900.04,7462100,UNKNOWN
php/pigeon/sinz/L/12.cnf,11911657,sadical,30357,default.sh,368414,timeout (cpu),900.028,900.044,4920,UNKNOWN
php/pigeon/sinz/L/14.cnf,11911658,kissat,30359,default.sh,368418,timeout (cpu),900.097,900.133,47624,UNKNOWN
php/pigeon/sinz/L/14.cnf,11911658,lingeling,30358,default.sh,368416,complete,128.843,128.856,23772,UNSAT
php/pigeon/sinz/L/14.cnf,11911658,pgbdd,30373,default.sh,368719,timeout (wallclock),899.53,900.031,6928836,UNKNOWN
php/pigeon/sinz/L/14.cnf,11911658,sadical,30357,default.sh,368414,timeout (cpu),900.028,900.033,5200,UNKNOWN
php/pigeon/split/M/8.cnf,11911722,kissat,30359,default.sh,368418,complete,0.060511,0.0606489,8248,UNSAT
php/pigeon/split/M/8.cnf,11911722,lingeling,30358,default.sh,368416,complete,0.003582,0.01047,0,UNSAT
php/pigeon/split/M/8.cnf,11911722,pgbdd,30373,default.sh,368719,complete,219.592,219.659,1642232,UNSAT
php/pigeon/split/M/8.cnf,11911722,sadical,30357,default.sh,368414,complete,1.5215,1.5216,4520,UNSAT
php/pigeon/split/M/10.cnf,11911723,kissat,30359,default.sh,368418,complete,0.556584,0.556716,9676,UNSAT
php/pigeon/split/M/10.cnf,11911723,lingeling,30358,default.sh,368416,complete,0.004425,0.014658,0,UNSAT
php/pigeon/split/M/10.cnf,11911723,pgbdd,30373,default.sh,368719,memout,726.64,727.117,8388936,UNKNOWN
php/pigeon/split/M/10.cnf,11911723,sadical,30357,default.sh,368414,timeout (cpu),900.064,900.05,5404,UNKNOWN
php/pigeon/split/M/16.cnf,11911724,kissat,30359,default.sh,368418,timeout (wallclock),899.915,900.028,44604,UNKNOWN
php/pigeon/split/M/16.cnf,11911724,lingeling,30358,default.sh,368416,complete,0.00564,0.0143829,0,UNSAT
php/pigeon/split/M/16.cnf,11911724,pgbdd,30373,default.sh,368719,memout,762.61,762.719,8389376,UNKNOWN
php/pigeon/split/M/16.cnf,11911724,sadical,30357,default.sh,368414,timeout (wallclock),899.997,900.067,5532,UNKNOWN
php/pigeon/split/M/18.cnf,11911725,kissat,30359,default.sh,368418,timeout (wallclock),899.903,900.013,52604,UNKNOWN
php/pigeon/split/M/18.cnf,11911725,lingeling,30358,default.sh,368416,complete,0.005969,0.0218131,0,UNSAT
php/pigeon/split/M/18.cnf,11911725,pgbdd,30373,default.sh,368719,memout,651.64,651.965,8389020,UNKNOWN
php/pigeon/split/M/18.cnf,11911725,sadical,30357,default.sh,368414,timeout (wallclock),899.982,900.058,6420,UNKNOWN
php/pigeon/split/M/12.cnf,11911726,kissat,30359,default.sh,368418,complete,21.7008,21.7005,17416,UNSAT
php/pigeon/split/M/12.cnf,11911726,lingeling,30358,default.sh,368416,complete,0.00407,0.010641,0,UNSAT
php/pigeon/split/M/12.cnf,11911726,pgbdd,30373,default.sh,368719,timeout (wallclock),899.66,900.062,8171112,UNKNOWN
php/pigeon/split/M/12.cnf,11911726,sadical,30357,default.sh,368414,timeout (wallclock),899.915,900.042,5080,UNKNOWN
php/pigeon/split/M/20.cnf,11911727,kissat,30359,default.sh,368418,timeout (wallclock),899.92,900.022,81324,UNKNOWN
php/pigeon/split/M/20.cnf,11911727,lingeling,30358,default.sh,368416,complete,0.007102,0.0224129,0,UNSAT
php/pigeon/split/M/20.cnf,11911727,pgbdd,30373,default.sh,368719,memout,647.54,647.912,8389012,UNKNOWN
php/pigeon/split/M/20.cnf,11911727,sadical,30357,default.sh,368414,timeout (wallclock),899.996,900.042,6416,UNKNOWN
php/pigeon/split/M/14.cnf,11911729,kissat,30359,default.sh,368418,timeout (wallclock),899.941,900.024,44796,UNKNOWN
php/pigeon/split/M/14.cnf,11911729,lingeling,30358,default.sh,368416,complete,0.004709,0.022663,0,UNSAT
php/pigeon/split/M/14.cnf,11911729,pgbdd,30373,default.sh,368719,timeout (wallclock),899.6,900.017,4603900,UNKNOWN
php/pigeon/split/M/14.cnf,11911729,sadical,30357,default.sh,368414,timeout (wallclock),899.968,900.099,7376,UNKNOWN
php/pigeon/split/L/10.cnf,11911708,kissat,30359,default.sh,368418,complete,0.404303,0.404464,9680,UNSAT
php/pigeon/split/L/10.cnf,11911708,lingeling,30358,default.sh,368416,complete,0.0035,0.023388,0,UNSAT
php/pigeon/split/L/10.cnf,11911708,pgbdd,30373,default.sh,368719,memout,743.75,744.207,8388708,UNKNOWN
php/pigeon/split/L/10.cnf,11911708,sadical,30357,default.sh,368414,timeout (cpu),900.024,900.013,4720,UNKNOWN
php/pigeon/split/L/16.cnf,11911709,kissat,30359,default.sh,368418,timeout (wallclock),899.954,900.017,61000,UNKNOWN
php/pigeon/split/L/16.cnf,11911709,lingeling,30358,default.sh,368416,complete,0.004552,0.0194319,0,UNSAT
php/pigeon/split/L/16.cnf,11911709,pgbdd,30373,default.sh,368719,memout,687.15,687.484,8389412,UNKNOWN
php/pigeon/split/L/16.cnf,11911709,sadical,30357,default.sh,368414,timeout (cpu),900.047,900.012,5688,UNKNOWN
php/pigeon/split/L/18.cnf,11911710,kissat,30359,default.sh,368418,timeout (wallclock),899.972,900.048,61256,UNKNOWN
php/pigeon/split/L/18.cnf,11911710,lingeling,30358,default.sh,368416,complete,0.004876,0.0217511,0,UNSAT
php/pigeon/split/L/18.cnf,11911710,pgbdd,30373,default.sh,368719,memout,707.13,707.474,8389204,UNKNOWN
php/pigeon/split/L/18.cnf,11911710,sadical,30357,default.sh,368414,timeout (cpu),900.051,900.035,5012,UNKNOWN
php/pigeon/split/L/20.cnf,11911712,kissat,30359,default.sh,368418,timeout (wallclock),900.007,900.105,84148,UNKNOWN
php/pigeon/split/L/20.cnf,11911712,lingeling,30358,default.sh,368416,complete,0.005698,0.0272429,0,UNSAT
php/pigeon/split/L/20.cnf,11911712,pgbdd,30373,default.sh,368719,memout,716.05,716.469,8388788,UNKNOWN
php/pigeon/split/L/20.cnf,11911712,sadical,30357,default.sh,368414,timeout (cpu),900.03,900.004,5932,UNKNOWN
php/pigeon/split/L/12.cnf,11911714,kissat,30359,default.sh,368418,complete,27.2358,27.2364,21088,UNSAT
php/pigeon/split/L/12.cnf,11911714,lingeling,30358,default.sh,368416,complete,0.00429,0.02559,0,UNSAT
php/pigeon/split/L/12.cnf,11911714,pgbdd,30373,default.sh,368719,memout,584.02,584.35,8502768,UNKNOWN
php/pigeon/split/L/12.cnf,11911714,sadical,30357,default.sh,368414,timeout (wallclock),899.981,900.009,5004,UNKNOWN
php/pigeon/split/L/14.cnf,11911716,kissat,30359,default.sh,368418,timeout (cpu),900.05,900.055,43480,UNKNOWN
php/pigeon/split/L/14.cnf,11911716,lingeling,30358,default.sh,368416,complete,0.004633,0.0231011,0,UNSAT
php/pigeon/split/L/14.cnf,11911716,pgbdd,30373,default.sh,368719,memout,636.69,637.119,8388828,UNKNOWN
php/pigeon/split/L/14.cnf,11911716,sadical,30357,default.sh,368414,timeout (wallclock),900.01,900.067,5028,UNKNOWN
php/pigeon/split/L/8.cnf,11911718,kissat,30359,default.sh,368418,complete,0.054753,0.0548849,8520,UNSAT
php/pigeon/split/L/8.cnf,11911718,lingeling,30358,default.sh,368416,complete,0.003671,0.00999096,0,UNSAT
php/pigeon/split/L/8.cnf,11911718,pgbdd,30373,default.sh,368719,complete,754.696,754.839,2539752,UNSAT
php/pigeon/split/L/8.cnf,11911718,sadical,30357,default.sh,368414,complete,3.4846,3.48477,4532,UNSAT
php/pigeon/split/O/20.cnf,11911694,kissat,30359,default.sh,368418,timeout (wallclock),899.895,900.012,81244,UNKNOWN
php/pigeon/split/O/20.cnf,11911694,lingeling,30358,default.sh,368416,complete,0.005192,0.0101779,0,UNSAT
php/pigeon/split/O/20.cnf,11911694,pgbdd,30373,default.sh,368719,memout,640.29,640.523,8390316,UNKNOWN
php/pigeon/split/O/20.cnf,11911694,sadical,30357,default.sh,368414,timeout (cpu),900.067,900.063,5172,UNKNOWN
php/pigeon/split/O/12.cnf,11911695,kissat,30359,default.sh,368418,complete,101.343,101.347,25784,UNSAT
php/pigeon/split/O/12.cnf,11911695,lingeling,30358,default.sh,368416,complete,0.004302,0.0101881,0,UNSAT
php/pigeon/split/O/12.cnf,11911695,pgbdd,30373,default.sh,368719,complete,289.077,289.142,977244,UNSAT
php/pigeon/split/O/12.cnf,11911695,sadical,30357,default.sh,368414,timeout (wallclock),899.927,900.009,6152,UNKNOWN
php/pigeon/split/O/14.cnf,11911696,kissat,30359,default.sh,368418,timeout (wallclock),899.878,900.022,43188,UNKNOWN
php/pigeon/split/O/14.cnf,11911696,lingeling,30358,default.sh,368416,complete,0.0039,0.012499,0,UNSAT
php/pigeon/split/O/14.cnf,11911696,pgbdd,30373,default.sh,368719,timeout (wallclock),899.79,900.031,3413156,UNKNOWN
php/pigeon/split/O/14.cnf,11911696,sadical,30357,default.sh,368414,timeout (cpu),900.053,900.028,5516,UNKNOWN
php/pigeon/split/O/10.cnf,11911697,kissat,30359,default.sh,368418,complete,0.416629,0.416783,9748,UNSAT
php/pigeon/split/O/10.cnf,11911697,lingeling,30358,default.sh,368416,complete,0.003586,0.011937,0,UNSAT
php/pigeon/split/O/10.cnf,11911697,pgbdd,30373,default.sh,368719,complete,43.412,43.4155,388576,UNSAT
php/pigeon/split/O/10.cnf,11911697,sadical,30357,default.sh,368414,timeout (wallclock),899.951,900.038,5824,UNKNOWN
php/pigeon/split/O/8.cnf,11911698,kissat,30359,default.sh,368418,complete,0.059053,0.06318,8524,UNSAT
php/pigeon/split/O/8.cnf,11911698,lingeling,30358,default.sh,368416,complete,0.00375,0.0152821,0,UNSAT
php/pigeon/split/O/8.cnf,11911698,pgbdd,30373,default.sh,368719,complete,6.29032,6.29249,265848,UNSAT
php/pigeon/split/O/8.cnf,11911698,sadical,30357,default.sh,368414,complete,13.4469,13.4478,4608,UNSAT
php/pigeon/split/O/18.cnf,11911699,kissat,30359,default.sh,368418,timeout (cpu),900.046,900.021,60732,UNKNOWN
php/pigeon/split/O/18.cnf,11911699,lingeling,30358,default.sh,368416,complete,0.004916,0.0100691,0,UNSAT
php/pigeon/split/O/18.cnf,11911699,pgbdd,30373,default.sh,368719,memout,640.15,640.37,8389664,UNKNOWN
php/pigeon/split/O/18.cnf,11911699,sadical,30357,default.sh,368414,timeout (cpu),900.045,900.073,5020,UNKNOWN
php/pigeon/split/O/16.cnf,11911700,kissat,30359,default.sh,368418,timeout (wallclock),899.97,900.043,52672,UNKNOWN
php/pigeon/split/O/16.cnf,11911700,lingeling,30358,default.sh,368416,complete,0.004426,0.0117079,0,UNSAT
php/pigeon/split/O/16.cnf,11911700,pgbdd,30373,default.sh,368719,memout,789.59,789.886,8388816,UNKNOWN
php/pigeon/split/O/16.cnf,11911700,sadical,30357,default.sh,368414,timeout (cpu),900.04,900.09,5540,UNKNOWN